"","word","freq"
"1","makerspace",3911
"2","school",783
"3","learner",700
"4","make",625
"5","create",620
"6","library",606
"7","learn",522
"8","great",482
"9","today",469
"10","project",438
"11","thank",396
"12","fun",368
"13","build",361
"14","space",328
"15","maker",322
"16","work",294
"17","come",259
"18","design",258
"19","day",252
"20","check",246
"21","love",233
"22","challenge",231
"23","book",222
"24","class",219
"25","take",201
"26","grade",195
"27","time",189
"28","explore",188
"29","help",188
"30","creative",185
"31","open",176
"32","awesome",174
"33","stem",171
"34","education",171
"35","share",166
"36","week",166
"37","collaborate",164
"38","start",159
"39","excited",155
"40","idea",155
"41","circuit",155
"42","need",141
"43","want",137
"44","halloween",135
"45","robot",135
"46","bus",135
"47","look",132
"48","grader",131
"49","amazi",130
"50","kid",130
"51","lego",127
"52","area",127
"53","made",126
"54","define",125
"55","innovate",124
"56","print",123
"57","free",123
"58","thing",122
"59","lab",122
"60","lot",120
"61","educationator",118
"62","always",117
"63","workshop",116
"64","join",114
"65","tip",113
"66","house",112
"67","welcome",112
"68","trip",112
"69","plan",111
"70","support",109
"71","video",107
"72","media",105
"73","classroom",104
"74","code",104
"75","huge",104
"76","active",103
"77","visit",103
"78","event",102
"79","place",100
"80","product",99
"81","cool",99
"82","bring",99
"83","wait",96
"84","happen",96
"85","sets",95
"86","know",95
"87","tool",93
"88","game",92
"89","october",92
"90","inspire",92
"91","handson",92
"92","science",92
"93","win",91
"94","readi",90
"95","teach",89
"96","think",89
"97","room",88
"98","doesnt",88
"99","experien",87
"100","paper",87
"101","invent",87
"102","anyone",85
"103","session",85
"104","center",85
"105","small",85
"106","latest",84
"107","monday",84
"108","little",84
"109","tomorrow",84
"110","part",84
"111","communities",82
"112","investment",82
"113","show",82
"114","getting",80
"115","club",80
"116","tinker",80
"117","tech",79
"118","popup",78
"119","easier",76
"120","storify",76
"121","best",76
"122","pumpkin",75
"123","skill",74
"124","next",73
"125","play",73
"126","present",72
"127","mind",71
"128","say",71
"129","kit",70
"130","include",69
"131","art",69
"132","talk",68
"133","mrs",68
"134","becomes",67
"135","top",67
"136","oct",66
"137","donate",66
"138","busily",66
"139","greenhouse",66
"140","much",65
"141","morning",65
"142","run",65
"143","test",64
"144","program",64
"145","meet",63
"146","creation",63
"147","studio",63
"148","lesson",63
"149","group",63
"150","november",63
"151","fair",63
"152","cant",61
"153","success",61
"154","trend",60
"155","launch",60
"156","wall",60
"157","friday",60
"158","looking",60
"159","concerned",59
"160","increasingly",59
"161","removing",59
"162","enjoy",59
"163","material",59
"164","celebrate",58
"165","team",58
"166","young",57
"167","edtech",57
"168","older",57
"169","cardboard",56
"170","template",56
"171","enter",56
"172","perfect",55
"173","let",55
"174","children",55
"175","add",54
"176","along",54
"177","good",54
"178","night",53
"179","stop",53
"180","dont",53
"181","truck",53
"182","math",53
"183","friend",53
"184","machine",52
"185","home",51
"186","resource",51
"187","complete",51
"188","bot",50
"189","got",50
"190","local",49
"191","stuff",49
"192","rural",49
"193","course",48
"194","big",48
"195","begin",48
"196","control",48
"197","opportunity",47
"198","tour",47
"199","reallif",47
"200","card",47
"201","proud",47
"202","tonight",47
"203","eduaubdedubu",46
"204","printer",46
"205","power",46
"206","engage",45
"207","back",45
"208","give",45
"209","transform",45
"210","sheffield",45
"211","please",45
"212","technology",45
"213","station",45
"214","makey",44
"215","engine",44
"216","ever",44
"217","craft",44
"218","expert",44
"219","maze",43
"220","grant",43
"221","together",43
"222","age",43
"223","right",42
"224","money",42
"225","ready",42
"226","problem",41
"227","mobile",40
"228","uufef",40
"229","jones",40
"230","sign",40
"231","familiar",40
"232","computer",40
"233","keep",40
"234","host",39
"235","social",39
"236","uses",39
"237","district",39
"238","digital",39
"239","month",39
"240","organiz",39
"241","interest",39
"242","college",39
"243","step",39
"244","electronic",38
"245","haunted",38
"246","afternoon",38
"247","quick",38
"248","light",38
"249","connect",38
"250","motion",38
"251","happiest",37
"252","future",37
"253","tell",37
"254","maven",37
"255","construct",37
"256","structure",37
"257","laser",36
"258","movement",36
"259","steam",36
"260","poster",36
"261","guest",36
"262","lunch",36
"263","bridge",36
"264","block",36
"265","box",36
"266","wonder",35
"267","hilarious",35
"268","life",35
"269","libraryan",35
"270","prototype",34
"271","grow",34
"272","meaningful",34
"273","practice",34
"274","les",34
"275","race",33
"276","available",33
"277","hand",33
"278","bit",33
"279","full",33
"280","girl",33
"281","green",33
"282","making",33
"283","instruction",32
"284","kindergarten",32
"285","develop",32
"286","budget",32
"287","special",32
"288","ways",32
"289","marble",32
"290","final",32
"291","breath",32
"292","meetup",32
"293","leader",32
"294","done",31
"295","tower",31
"296","scratch",31
"297","heres",31
"298","htt",31
"299","cut",31
"300","solve",31
"301","introductory",31
"302","tape",30
"303","talent",30
"304","finish",30
"305","common",30
"306","turn",30
"307","table",30
"308","board",30
"309","guide",30
"310","orlando",30
"311","roll",29
"312","seen",29
"313","grand",29
"314","journey",29
"315","impressed",29
"316","job",29
"317","favorite",29
"318","possible",28
"319","change",28
"320","info",28
"321","yes",28
"322","screen",28
"323","giveaway",28
"324","register",28
"325","came",28
"326","question",28
"327","important",28
"328","built",28
"329","fantastic",28
"330","animal",28
"331","attend",28
"332","cities",27
"333","action",27
"334","thursday",27
"335","addition",27
"336","solution",27
"337","shape",27
"338","growth",27
"339","town",27
"340","pop",27
"341","model",27
"342","waterworks",27
"343","listen",27
"344","specialist",27
"345","classroo",26
"346","write",26
"347","piece",26
"348","keva",26
"349","DIY",26
"350","sound",26
"351","everyone",26
"352","world",26
"353","differ",26
"354","buy",26
"355","move",26
"356","process",26
"357","force",26
"358","wow",26
"359","mum",26
"360","didnt",26
"361","member",26
"362","five",26
"363","hard",25
"364","picture",25
"365","beautiful",25
"366","voice",25
"367","simple",25
"368","intro",25
"369","series",25
"370","encourage",25
"371","record",25
"372","better",25
"373","app",25
"374","word",25
"375","answer",25
"376","arduino",24
"377","choice",24
"378","hope",24
"379","actual",24
"380","stick",24
"381","miss",24
"382","enhance",24
"383","summit",24
"384","hear",24
"385","plank",23
"386","prepare",23
"387","soon",23
"388","fill",23
"389","middle",23
"390","found",23
"391","weekend",23
"392","saturday",23
"393","youll",23
"394","drop",23
"395","supplies",23
"396","car",23
"397","calendar",23
"398","items",23
"399","ampm",23
"400","bcps",23
"401","sew",22
"402","provide",22
"403","eduaubcedubeu",22
"404","gap",22
"405","contest",22
"406","feel",22
"407","staff",22
"408","article",22
"409","snap",22
"410","ask",22
"411","almost",22
"412","genius",22
"413","ozobot",22
"414","sure",22
"415","universe",22
"416","purchase",22
"417","sat",22
"418","hall",22
"419","summer",21
"420","rock",21
"421","beginner",21
"422","starter",21
"423","baltimore",21
"424","else",21
"425","theme",21
"426","dream",21
"427","name",21
"428","pen",21
"429","hack",21
"430","fab",21
"431","curriculum",21
"432","imagine",21
"433","sunday",21
"434","nears",21
"435","framework",21
"436","knowledge",21
"437","public",20
"438","high",20
"439","gurus",20
"440","alternative",20
"441","lead",20
"442","nice",20
"443","post",20
"444","price",20
"445","interact",20
"446","interview",20
"447","toy",20
"448","annual",20
"449","release",20
"450","never",20
"451","detail",19
"452","bristle",19
"453","break",19
"454","esl",19
"455","vhs",19
"456","campus",19
"457","feature",19
"458","ccsdlc",19
"459","focus",19
"460","dallas",19
"461","dash",19
"462","booth",19
"463","exoskeletons",19
"464","heck",19
"465","leds",19
"466","southend",19
"467","utilize",18
"468","forward",18
"469","tue",18
"470","tuesday",18
"471","buncee",18
"472","industrial",18
"473","horrible",18
"474","mean",18
"475","wood",18
"476","hold",18
"477","hammerspace",18
"478","winner",18
"479","heard",18
"480","weve",18
"481","leveraging",18
"482","fix",18
"483","chance",18
"484","convers",18
"485","oths",18
"486","announce",17
"487","rutgers",17
"488","cutter",17
"489","catapult",17
"490","access",17
"491","factories",17
"492","fade",17
"493","second",17
"494","mini",17
"495","child",17
"496","publish",17
"497","felt",17
"498","apart",17
"499","allows",17
"500","spookify",17
"501","eduaubeedubu",17
"502","thought",17
"503","level",17
"504","thx",17
"505","saber",17
"506","office",17
"507","teamwork",17
"508","chat",17
"509","showcase",17
"510","nebraska",16
"511","puts",16
"512","forget",16
"513","enrichm",16
"514","collection",16
"515","yesterday",16
"516","solder",16
"517","principal",16
"518","anything",16
"519","costume",16
"520","piano",16
"521","gift",16
"522","represent",16
"523","buddies",16
"524","excellent",16
"525","watch",16
"526","mark",16
"527","newage",16
"528","reinvent",16
"529","draw",16
"530","aerospace",16
"531","rule",16
"532","makerlab",16
"533","close",16
"534","manufacturing",16
"535","explains",16
"536","arrive",16
"537","lib",16
"538","magazine",16
"539","raspberrians",15
"540","wednesday",15
"541","super",15
"542","underway",15
"543","kinder",15
"544","ball",15
"545","motor",15
"546","uae",15
"547","limit",15
"548","discuss",15
"549","track",15
"550","survive",15
"551","ipad",15
"552","pics",15
"553","reflect",15
"554","badge",15
"555","COPper",15
"556","required",15
"557","map",15
"558","six",15
"559","kind",15
"560","bookmark",15
"561","partial",15
"562","wss",15
"563","pathway",15
"564","demo",15
"565","expo",15
"566","webinar",15
"567","critical",15
"568","direct",15
"569","influence",15
"570","train",14
"571","master",14
"572","mask",14
"573","measure",14
"574","drive",14
"575","fabulous",14
"576","brand",14
"577","ldsb",14
"578","involve",14
"579","spend",14
"580","internet",14
"581","shop",14
"582","wheel",14
"583","incredible",14
"584","eduaubdedubua",14
"585","wed",14
"586","unit",14
"587","contact",14
"588","prize",14
"589","zero",14
"590","display",14
"591","spinner",14
"592","brought",14
"593","pack",14
"594","google",14
"595","environment",14
"596","stay",14
"597","faa",14
"598","person",14
"599","update",14
"600","flexible",14
"601","ski",14
"602","invite",14
"603","smart",14
"604","weird",14
"605","characters",14
"606","valley",14
"607","juices",14
"608","response",14
"609","partnership",14
"610","flip",14
"611","door",14
"612","kicks",13
"613","glue",13
"614","sad",13
"615","fellow",13
"616","adaptive",13
"617","visitors",13
"618","fall",13
"619","participate",13
"620","offering",13
"621","clean",13
"622","saw",13
"623","left",13
"624","chromebooks",13
"625","eduaubdedubud",13
"626","combine",13
"627","origami",13
"628","hill",13
"629","parents",13
"630","holder",13
"631","weld",13
"632","gone",13
"633","camera",13
"634","won",13
"635","minute",13
"636","rocket",13
"637","jam",13
"638","sphero",13
"639","integrate",13
"640","eye",13
"641","printable",13
"642","women",13
"643","affective",13
"644","craftsmanship",13
"645","coach",13
"646","definitely",13
"647","serve",13
"648","button",13
"649","tickets",13
"650","boat",13
"651","progress",13
"652","label",13
"653","line",13
"654","shout",13
"655","ting",13
"656","culture",12
"657","current",12
"658","jefferson",12
"659","upstair",12
"660","might",12
"661","global",12
"662","thats",12
"663","feedback",12
"664","unbox",12
"665","liked",12
"666","wrap",12
"667","operat",12
"668","conf",12
"669","facility",12
"670","tallest",12
"671","save",12
"672","knit",12
"673","held",12
"674","music",12
"675","recess",12
"676","goldberg",12
"677","empower",12
"678","scientist",12
"679","egg",12
"680","fidget",12
"681","wksp",12
"682","thrive",12
"683","initial",12
"684","furniture",12
"685","nonprofit",12
"686","adult",12
"687","giant",12
"688","puzzle",12
"689","order",12
"690","shouldn",12
"691","serious",12
"692","hub",12
"693","device",12
"694","mindset",12
"695","discovering",12
"696","english",12
"697","edu",11
"698","arcade",11
"699","whole",11
"700","didn",11
"701","everything",11
"702","network",11
"703","corner",11
"704","expertise",11
"705","prep",11
"706","carve",11
"707","real",11
"708","safer",11
"709","modern",11
"710","sneak",11
"711","pipe",11
"712","scene",11
"713","approves",11
"714","foundation",11
"715","basic",11
"716","color",11
"717","chair",11
"718","wear",11
"719","continue",11
"720","located",11
"721","worth",11
"722","werent",11
"723","informed",11
"724","discover",11
"725","wish",11
"726","funds",11
"727","water",11
"728","kia",11
"729","kura",11
"730","ora",11
"731","files",11
"732","roaring",11
"733","creek",11
"734","scan",11
"735","incorporate",11
"736","repair",11
"737","mostly",11
"738","live",11
"739","panel",11
"740","ironhorses",11
"741","tube",11
"742","efficient",11
"743","ends",11
"744","advice",11
"745","size",11
"746","concept",11
"747","begun",11
"748","western",11
"749","stocked",10
"750","cnc",10
"751","bhs",10
"752","teen",10
"753","kiddos",10
"754","counting",10
"755","bunch",10
"756","popular",10
"757","garden",10
"758","cooke",10
"759","floor",10
"760","leave",10
"761","option",10
"762","drone",10
"763","sale",10
"764","key",10
"765","youre",10
"766","head",10
"767","cameo",10
"768","patient",10
"769","disasters",10
"770","vizlab",10
"771","blast",10
"772","nov",10
"773","brain",10
"774","fabric",10
"775","lunchtime",10
"776","bat",10
"777","began",10
"778","format",10
"779","assemble",10
"780","youth",10
"781","remind",10
"782","surprise",10
"783","plus",10
"784","human",10
"785","custom",10
"786","implement",10
"787","retweeted",10
"788","award",10
"789","london",10
"790","lit",10
"791","thrilled",10
"792","medical",10
"793","tune",10
"794","fire",10
"795","reason",10
"796","zone",10
"797","logo",10
"798","tshirt",10
"799","yarn",10
"800","someone",10
"801","drill",10
"802","site",10
"803","online",10
"804","azle",10
"805","cte",10
"806","walnut",10
"807","erfurt",10
"808","called",10
"809","integratedmakerspace",10
"810","keen",10
"811","inland",10
"812","technique",10
"813","multimedia",10
"814","shut",10
"815","unveils",10
"816","shoe",10
"817","promote",10
"818","recommend",10
"819","steve",10
"820","theres",10
"821","playground",10
"822","paint",10
"823","beyond",10
"824","virtual",10
"825","whats",10
"826","mint",10
"827","freestanding",10
"828","specialistas",10
"829","cargo",10
"830","cult",10
"831","siouxland",10
"832","inclusive",9
"833","hours",9
"834","electric",9
"835","region",9
"836","bead",9
"837","registration",9
"838","magic",9
"839","ive",9
"840","yay",9
"841","nothing",9
"842","generous",9
"843","crafting",9
"844","hardcovers",9
"845","scholastic",9
"846","makersp",9
"847","cube",9
"848","ground",9
"849","silhouette",9
"850","clinician",9
"851","east",9
"852","dearmond",9
"853","field",9
"854","solar",9
"855","man",9
"856","scholars",9
"857","plant",9
"858","ensure",9
"859","gotta",9
"860","visual",9
"861","motivated",9
"862","lander",9
"863","mat",9
"864","touch",9
"865","spider",9
"866","macl",9
"867","folks",9
"868","ingenuity",9
"869","keyboard",9
"870","miles",9
"871","rover",9
"872","source",9
"873","couple",9
"874","thinker",9
"875","seat",9
"876","bike",9
"877","carries",9
"878","abl",9
"879","urwarner",9
"880","don",9
"881","backpack",9
"882","far",9
"883","brampton",9
"884","mill",9
"885","schlafer",9
"886","hamilton",9
"887","guys",9
"888","cup",9
"889","transmitter",9
"890","park",9
"891","bristlebot",9
"892","newest",9
"893","comic",9
"894","podcast",9
"895","guidance",9
"896","extra",9
"897","dalek",9
"898","countdown",9
"899","parallel",9
"900","theyre",9
"901","sensor",9
"902","architect",8
"903","figure",8
"904","lms",8
"905","brown",8
"906","advantage",8
"907","dec",8
"908","nation",8
"909","upcoming",8
"910","mereka",8
"911","sup",8
"912","longfellow",8
"913","ill",8
"914","scare",8
"915","learnersstaff",8
"916","hit",8
"917","total",8
"918","single",8
"919","graphic",8
"920","shenzhen",8
"921","academy",8
"922","homecoming",8
"923","speak",8
"924","phone",8
"925","glad",8
"926","career",8
"927","wrecking",8
"928","fifth",8
"929","foam",8
"930","quite",8
"931","walks",8
"932","choose",8
"933","agree",8
"934","wheelchair",8
"935","cape",8
"936","reducatione",8
"937","slj",8
"938","sweat",8
"939","vote",8
"940","unique",8
"941","birthday",8
"942","charles",8
"943","dollar",8
"944","cart",8
"945","volunteer",8
"946","nyc",8
"947","jewish",8
"948","scariest",8
"949","artist",8
"950","recent",8
"951","airplane",8
"952","newsletter",8
"953","straw",8
"954","glass",8
"955","susan",8
"956","self",8
"957","sfata",8
"958","coordinator",8
"959","piggie",8
"960","partner",8
"961","health",8
"962","hooray",8
"963","goodies",8
"964","bad",8
"965","tansey",8
"966","float",8
"967","knock",8
"968","brainstormed",8
"969","ear",8
"970","generated",8
"971","microsoft",8
"972","magnet",8
"973","laying",8
"974","matter",8
"975","cure",8
"976","webpage",8
"977","superb",8
"978","bow",8
"979","comment",8
"980","aim",8
"981","librarymakerspace",7
"982","quote",7
"983","monster",7
"984","spark",7
"985","true",7
"986","email",7
"987","COPies",7
"988","introduc",7
"989","essential",7
"990","boy",7
"991","slide",7
"992","tetris",7
"993","epic",7
"994","nex",7
"995","poppies",7
"996","case",7
"997","sort",7
"998","remember",7
"999","chalkboard",7
"1000","screenprinting",7
"1001","strategic",7
"1002","decide",7
"1003","frank",7
"1004","cubetto",7
"1005","dedicated",7
"1006","task",7
"1007","conductor",7
"1008","native",7
"1009","outside",7
"1010","object",7
"1011","prospective",7
"1012","coloured",7
"1013","simulate",7
"1014","system",7
"1015","hacker",7
"1016","newspaper",7
"1017","ladies",7
"1018","impact",7
"1019","andor",7
"1020","demonstrate",7
"1021","wind",7
"1022","bone",7
"1023","david",7
"1024","cubesat",7
"1025","tampa",7
"1026","software",7
"1027","recycle",7
"1028","boyd",7
"1029","stepplans",7
"1030","workbench",7
"1031","understand",7
"1032","kickstart",7
"1033","preorder",7
"1034","applicable",7
"1035","thatll",7
"1036","coffee",7
"1037","accessories",7
"1038","unlimited",7
"1039","star",7
"1040","museum",7
"1041","edtechk",7
"1042","playbook",7
"1043","pepin",7
"1044","failure",7
"1045","bed",7
"1046","miniature",7
"1047","blow",7
"1048","dasheduaubeedubueduaubeedubu",7
"1049","banner",7
"1050","band",7
"1051","halloweeneve",7
"1052","brush",7
"1053","sent",7
"1054","mercer",7
"1055","chargers",7
"1056","hammer",7
"1057","england",7
"1058","hartford",7
"1059","horizon",7
"1060","push",7
"1061","makerbot",7
"1062","fourth",7
"1063","message",7
"1064","brilliant",7
"1065","balance",7
"1066","biggest",7
"1067","fiddlestick",7
"1068","earn",7
"1069","signage",7
"1070","smith",7
"1071","emerging",7
"1072","llc",7
"1073","ricketts",7
"1074","fetchbot",7
"1075","lscgreenspoint",7
"1076","others",7
"1077","technical",7
"1078","diverse",7
"1079","frame",7
"1080","cst",7
"1081","chest",7
"1082","treasure",7
"1083","bianchi",7
"1084","orientation",7
"1085","dreamland",7
"1086","creator",7
"1087","stcharlescc",7
"1088","linked",7
"1089","patriots",7
"1090","uaufef",7
"1091","hydraulic",7
"1092","string",6
"1093","barn",6
"1094","etextiles",6
"1095","battle",6
"1096","large",6
"1097","loom",6
"1098","aid",6
"1099","endless",6
"1100","checkout",6
"1101","challeng",6
"1102","tons",6
"1103","tpcs",6
"1104","height",6
"1105","physics",6
"1106","revolution",6
"1107","receiver",6
"1108","four",6
"1109","charge",6
"1110","wollongong",6
"1111","senior",6
"1112","chadwick",6
"1113","goal",6
"1114","banana",6
"1115","countries",6
"1116","laptop",6
"1117","passion",6
"1118","madnessmagic",6
"1119","feed",6
"1120","scale",6
"1121","thanksgiving",6
"1122","makerspa",6
"1123","official",6
"1124","strawbees",6
"1125","american",6
"1126","spanish",6
"1127","lions",6
"1128","travell",6
"1129","mention",6
"1130","peer",6
"1131","isaac",6
"1132","outdoor",6
"1133","tunnel",6
"1134","fablab",6
"1135","half",6
"1136","earthquake",6
"1137","complex",6
"1138","eduaubdedubueduaubdedubueduaubdedubu",6
"1139","creatin",6
"1140","elliott",6
"1141","phrases",6
"1142","ultimate",6
"1143","branch",6
"1144","clinic",6
"1145","letter",6
"1146","gtretweet",6
"1147","tree",6
"1148","chill",6
"1149","padlet",6
"1150","wire",6
"1151","winter",6
"1152","white",6
"1153","spa",6
"1154","sheila",6
"1155","minecraft",6
"1156","user",6
"1157","fail",6
"1158","pattern",6
"1159","woot",6
"1160","regular",6
"1161","amman",6
"1162","cosprops",6
"1163","wales",6
"1164","flow",6
"1165","reader",6
"1166","mystic",6
"1167","application",6
"1168","maybe",6
"1169","psm",6
"1170","peek",6
"1171","dive",6
"1172","tie",6
"1173","unleash",6
"1174","grimmers",6
"1175","rubber",6
"1176","dot",6
"1177","congratulations",6
"1178","smile",6
"1179","diehl",6
"1180","seesaw",6
"1181","knutson",6
"1182","advanced",6
"1183","wars",6
"1184","cricut",6
"1185","ctr",6
"1186","north",6
"1187","youngest",6
"1188","unbalanced",6
"1189","mav",6
"1190","landmark",6
"1191","robodragsters",6
"1192","cains",6
"1193","wearable",6
"1194","mistakes",6
"1195","applied",6
"1196","vme",6
"1197","vinyl",6
"1198","connector",6
"1199","wolf",6
"1200","gov",6
"1201","main",6
"1202","target",6
"1203","sioux",6
"1204","wrong",6
"1205","soar",6
"1206","geoboardintro",6
"1207","sea",6
"1208","novel",6
"1209","zimmer",6
"1210","eiffel",6
"1211","elem",6
"1212","guild",6
"1213","entrepreneur",6
"1214","package",6
"1215","send",6
"1216","qep",6
"1217","residency",6
"1218","christmas",6
"1219","explo",6
"1220","john",6
"1221","mom",6
"1222","daymakerspace",6
"1223","flowthank",6
"1224","effort",6
"1225","puppet",6
"1226","eduaubdedubub",6
"1227","greeting",6
"1228","quarter",6
"1229","flotation",6
"1230","spencerlcs",6
"1231","ryan",5
"1232","busted",5
"1233","makers",5
"1234","went",5
"1235","market",5
"1236","peck",5
"1237","gses",5
"1238","carrots",5
"1239","neat",5
"1240","considering",5
"1241","movie",5
"1242","robinson",5
"1243","spotlight",5
"1244","said",5
"1245","spur",5
"1246","hackerspace",5
"1247","pinball",5
"1248","weaving",5
"1249","lower",5
"1250","nature",5
"1251","ghost",5
"1252","away",5
"1253","improve",5
"1254","highlight",5
"1255","uow",5
"1256","edtechreview",5
"1257","cleaner",5
"1258","guns",5
"1259","theyll",5
"1260","capture",5
"1261","food",5
"1262","communicate",5
"1263","bookwould",5
"1264","draft",5
"1265","con",5
"1266","december",5
"1267","spin",5
"1268","bag",5
"1269","hallway",5
"1270","festive",5
"1271","compete",5
"1272","havent",5
"1273","toolbox",5
"1274","cover",5
"1275","wrote",5
"1276","spent",5
"1277","fish",5
"1278","ship",5
"1279","components",5
"1280","distance",5
"1281","clay",5
"1282","bubble",5
"1283","prompt",5
"1284","reinforce",5
"1285","exact",5
"1286","knew",5
"1287","platform",5
"1288","seek",5
"1289","sponsor",5
"1290","original",5
"1291","ignited",5
"1292","homemade",5
"1293","decor",5
"1294","des",5
"1295","kickoff",5
"1296","style",5
"1297","fact",5
"1298","though",5
"1299","greenbrook",5
"1300","cad",5
"1301","tinkercad",5
"1302","playlist",5
"1303","safe",5
"1304","guildford",5
"1305","olympiad",5
"1306","wichita",5
"1307","skype",5
"1308","eager",5
"1309","empathize",5
"1310","isnt",5
"1311","mrholkup",5
"1312","sheridan",5
"1313","long",5
"1314","ribboncutting",5
"1315","spaceboy",5
"1316","geek",5
"1317","vendors",5
"1318","bucket",5
"1319","storybook",5
"1320","maa",5
"1321","ozbots",5
"1322","harris",5
"1323","gonna",5
"1324","ident",5
"1325","presence",5
"1326","dog",5
"1327","learning",5
"1328","service",5
"1329","eduaubdedubau",5
"1330","daughter",5
"1331","criteria",5
"1332","jill",5
"1333","williams",5
"1334","cracked",5
"1335","mix",5
"1336","icymi",5
"1337","load",5
"1338","bird",5
"1339","duck",5
"1340","engraved",5
"1341","arent",5
"1342","chs",5
"1343","schooch",5
"1344","arabic",5
"1345","dave",5
"1346","cafe",5
"1347","similar",5
"1348","cooper",5
"1349","past",5
"1350","inc",5
"1351","count",5
"1352","forge",5
"1353","brandons",5
"1354","lift",5
"1355","canes",5
"1356","gear",5
"1357","explanations",5
"1358","inaugural",5
"1359","phase",5
"1360","deconstruction",5
"1361","sand",5
"1362","bwells",5
"1363","prevost",5
"1364","pep",5
"1365","pta",5
"1366","blackeyed",5
"1367","alive",5
"1368","third",5
"1369","loose",5
"1370","gray",5
"1371","nashville",5
"1372","stand",5
"1373","funlearning",5
"1374","everyday",5
"1375","disrupted",5
"1376","lisa",5
"1377","tag",5
"1378","mustangs",5
"1379","millennium",5
"1380","pvc",5
"1381","allin",5
"1382","qampa",5
"1383","ramp",5
"1384","traditional",5
"1385","broken",5
"1386","premiere",5
"1387","joy",5
"1388","swing",5
"1389","logic",5
"1390","org",5
"1391","pete",5
"1392","negative",5
"1393","administrators",5
"1394","playdoh",5
"1395","attach",5
"1396","coc",5
"1397","earj",5
"1398","gvea",5
"1399","dynamic",5
"1400","boom",5
"1401","gen",5
"1402","sit",5
"1403","doesn",5
"1404","makerspacetem",5
"1405","mrnavas",5
"1406","tink",5
"1407","express",5
"1408","lakeview",5
"1409","inside",5
"1410","basingstoke",5
"1411","lunar",5
"1412","leaders",5
"1413","undergrads",5
"1414","arrows",5
"1415","flower",5
"1416","blackout",5
"1417","peace",5
"1418","michael",5
"1419","keynote",5
"1420","care",5
"1421","slammed",5
"1422","ironing",5
"1423","bored",5
"1424","depth",5
"1425","dok",5
"1426","webbs",5
"1427","toddler",5
"1428","pachinko",5
"1429","che",5
"1430","berlin",5
"1431","flanagan",5
"1432","agenda",5
"1433","whelans",5
"1434","edutopia",5
"1435","charters",5
"1436","kitchen",5
"1437","redmond",5
"1438","taos",5
"1439","goi",5
"1440","kfisher",5
"1441","elective",5
"1442","erickson",5
"1443","admission",5
"1444","superhero",5
"1445","facilita",5
"1446","joplin",5
"1447","followed",5
"1448","makmo",5
"1449","usc",5
"1450","yoga",5
"1451","equip",4
"1452","mend",4
"1453","noble",4
"1454","council",4
"1455","audio",4
"1456","dms",4
"1457","duct",4
"1458","fan",4
"1459","random",4
"1460","round",4
"1461","mike",4
"1462","junk",4
"1463","campaign",4
"1464","harvest",4
"1465","smu",4
"1466","somewhere",4
"1467","butcher",4
"1468","jake",4
"1469","effective",4
"1470","taught",4
"1471","matthew",4
"1472","assess",4
"1473","known",4
"1474","works",4
"1475","eduaubdedubudst",4
"1476","hbes",4
"1477","crayon",4
"1478","september",4
"1479","itime",4
"1480","catchers",4
"1481","moon",4
"1482","suggested",4
"1483","eduaubdedububeduaubdedubub",4
"1484","hacking",4
"1485","pencil",4
"1486","season",4
"1487","spot",4
"1488","lamp",4
"1489","lakota",4
"1490","cofounder",4
"1491","gators",4
"1492","greyhounds",4
"1493","takeapart",4
"1494","hat",4
"1495","gshcc",4
"1496","additivesubtractive",4
"1497","indigenous",4
"1498","congrats",4
"1499","pov",4
"1500","input",4
"1501","aschool",4
"1502","exercise",4
"1503","articulated",4
"1504","certified",4
"1505","carmichael",4
"1506","apple",4
"1507","cord",4
"1508","view",4
"1509","pull",4
"1510","everywhere",4
"1511","wilson",4
"1512","etch",4
"1513","committee",4
"1514","waste",4
"1515","sam",4
"1516","webs",4
"1517","hmmm",4
"1518","hardware",4
"1519","pbl",4
"1520","behind",4
"1521","chunkin",4
"1522","youtube",4
"1523","withstand",4
"1524","moines",4
"1525","mfg",4
"1526","rube",4
"1527","oak",4
"1528","number",4
"1529","laverne",4
"1530","bigger",4
"1531","store",4
"1532","issu",4
"1533","cubelets",4
"1534","lmc",4
"1535","marie",4
"1536","theater",4
"1537","mosaic",4
"1538","strong",4
"1539","expand",4
"1540","profiles",4
"1541","china",4
"1542","shanghai",4
"1543","forest",4
"1544","props",4
"1545","dojo",4
"1546","scientific",4
"1547","admin",4
"1548","pds",4
"1549","vintage",4
"1550","website",4
"1551","gym",4
"1552","met",4
"1553","nominee",4
"1554","nacosd",4
"1555","heart",4
"1556","shelter",4
"1557","mailing",4
"1558","learners",4
"1559","brooch",4
"1560","plastic",4
"1561","rad",4
"1562","ideal",4
"1563","camp",4
"1564","composition",4
"1565","glow",4
"1566","marketplace",4
"1567","savoy",4
"1568","nerdvana",4
"1569","sCOPe",4
"1570","trial",4
"1571","barnum",4
"1572","church",4
"1573","portable",4
"1574","shaolin",4
"1575","unreleased",4
"1576","smartboards",4
"1577","pedagogies",4
"1578","spread",4
"1579","pursley",4
"1580","stamp",4
"1581","hoop",4
"1582","exhibit",4
"1583","guess",4
"1584","positive",4
"1585","creature",4
"1586","trinah",4
"1587","pick",4
"1588","notebooks",4
"1589","heat",4
"1590","institute",4
"1591","campden",4
"1592","chipping",4
"1593","caught",4
"1594","tks",4
"1595","kuehnle",4
"1596","shell",4
"1597","hwdsb",4
"1598","fridayeduaubdedubu",4
"1599","renovated",4
"1600","thnx",4
"1601","side",4
"1602","alert",4
"1603","gues",4
"1604","point",4
"1605","eduaubdedubudeduaubcedubfubb",4
"1606","perk",4
"1607","liar",4
"1608","ocd",4
"1609","wasnt",4
"1610","version",4
"1611","weight",4
"1612","driver",4
"1613","license",4
"1614","pain",4
"1615","cityhs",4
"1616","fav",4
"1617","marv",4
"1618","notetaking",4
"1619","manager",4
"1620","surfaces",4
"1621","youve",4
"1622","zip",4
"1623","reward",4
"1624","mentoring",4
"1625","upcycled",4
"1626","grateful",4
"1627","fri",4
"1628","sarcade",4
"1629","downtown",4
"1630","report",4
"1631","esol",4
"1632","ehl",4
"1633","nailing",4
"1634","revision",4
"1635","carter",4
"1636","lori",4
"1637","techdept",4
"1638","ultimaker",4
"1639","dampd",4
"1640","practicum",4
"1641","myth",4
"1642","rome",4
"1643","edge",4
"1644","bthompson",4
"1645","accompanied",4
"1646","eduaubcedubuafeduaubcedubub",4
"1647","avnet",4
"1648","dreambig",4
"1649","bldg",4
"1650","upload",4
"1651","flourish",4
"1652","parameters",4
"1653","sms",4
"1654","wings",4
"1655","female",4
"1656","standards",4
"1657","sketches",4
"1658","spirit",4
"1659","gave",4
"1660","individual",4
"1661","twinkle",4
"1662","function",4
"1663","tix",4
"1664","magnitude",4
"1665","wrath",4
"1666","anna",4
"1667","sling",4
"1668","claymat",4
"1669","propsnext",4
"1670","storyboard",4
"1671","teleport",4
"1672","memphis",4
"1673","midsouthmakers",4
"1674","craven",4
"1675","relax",4
"1676","brosnan",4
"1677","illusion",4
"1678","optical",4
"1679","lounge",4
"1680","shelves",4
"1681","martin",4
"1682","collapse",4
"1683","smoki",4
"1684","beebot",4
"1685","south",4
"1686","uca",4
"1687","coders",4
"1688","makerspacecreating",4
"1689","tdsb",4
"1690","verbal",4
"1691","butto",4
"1692","grenham",4
"1693","frida",4
"1694","constructiongrand",4
"1695","trick",4
"1696","qtips",4
"1697","various",4
"1698","companies",4
"1699","yamp",4
"1700","chief",4
"1701","autumn",4
"1702","lrc",4
"1703","piccolo",4
"1704","blue",4
"1705","imaginedesigncreate",4
"1706","contraption",4
"1707","chased",4
"1708","areplus",4
"1709","eduaubdedubuaeduaubdedubueduaubdedubudeduaubdedubudeduaubcedubfubcdalers",4
"1710","lablook",4
"1711","pjs",4
"1712","septafirst",4
"1713","candytoss",4
"1714","stse",4
"1715","chesworth",4
"1716","jamal",4
"1717","lahmar",4
"1718","liz",4
"1719","centre",4
"1720","democracy",4
"1721","historyeduaubcedubfub",4
"1722","blacon",4
"1723","term",4
"1724","quilt",4
"1725","studiomakerspace",4
"1726","challengeeduaubdedubuduufefeduaubdedububeduaubcedubfu",4
"1727","juggling",4
"1728","tow",4
"1729","shoutout",4
"1730","mcsd",4
"1731","array",4
"1732","bloxels",4
"1733","screw",4
"1734","kindie",4
"1735","ozo",4
"1736","asfor",4
"1737","thinkingconnecting",4
"1738","leaf",4
"1739","bright",4
"1740","manor",4
"1741","ipswich",4
"1742","reuse",4
"1743","title",4
"1744","margo",4
"1745","milk",4
"1746","bes",4
"1747","wnd",4
"1748","stemmakerspace",4
"1749","seeds",4
"1750","sowing",4
"1751","librairians",4
"1752","kish",4
"1753","lcss",4
"1754","ccusd",4
"1755","evening",4
"1756","classlinkinc",4
"1757","mcvey",4
"1758","sas",4
"1759","algorithms",4
"1760","ampcheckout",4
"1761","macfpc",4
"1762","csfirst",4
"1763","bear",4
"1764","dbexcel",4
"1765","unconference",4
"1766","section",4
"1767","garage",4
"1768","submarines",4
"1769","lewis",4
"1770","hatch",4
"1771","sample",4
"1772","wogoo",4
"1773","leadership",4
"1774","song",4
"1775","closer",4
"1776","fee",4
"1777","monsignor",4
"1778","otterson",4
"1779","ecsd",4
"1780","retreat",4
"1781","chalkenge",3
"1782","literaturelast",3
"1783","streetwritingexit",3
"1784","ticketmakerspace",3
"1785","thurs",3
"1786","buzz",3
"1787","feet",3
"1788","ago",3
"1789","scissors",3
"1790","storytelling",3
"1791","stingers",3
"1792","period",3
"1793","tams",3
"1794","max",3
"1795","spooktacular",3
"1796","soft",3
"1797","editorial",3
"1798","stacey",3
"1799","beat",3
"1800","menu",3
"1801","powerclix",3
"1802","plews",3
"1803","aus",3
"1804","ford",3
"1805","perimeter",3
"1806","eduaubcedubeueduaubcedubeu",3
"1807","dasilva",3
"1808","eduaubcedubfue",3
"1809","overdrive",3
"1810","university",3
"1811","mouse",3
"1812","libraryeduaubdedubufeduaubcedubfubd",3
"1813","tomorroweduaubdedubua",3
"1814","dana",3
"1815","sibling",3
"1816","holiday",3
"1817","leather",3
"1818","vlog",3
"1819","grown",3
"1820","tremendously",3
"1821","dress",3
"1822","assume",3
"1823","schoolers",3
"1824","disappointed",3
"1825","valuable",3
"1826","disguised",3
"1827","corey",3
"1828","fleischer",3
"1829","differentiate",3
"1830","rockin",3
"1831","prob",3
"1832","central",3
"1833","gogetter",3
"1834","sahej",3
"1835","scout",3
"1836","knex",3
"1837","tale",3
"1838","hms",3
"1839","stickbot",3
"1840","sawdust",3
"1841","faux",3
"1842","driven",3
"1843","stevens",3
"1844","bevilacqua",3
"1845","brega",3
"1846","makerspaceteam",3
"1847","marco",3
"1848","makeymakey",3
"1849","academic",3
"1850","realized",3
"1851","rsvp",3
"1852","development",3
"1853","hurricane",3
"1854","todaydesign",3
"1855","wright",3
"1856","speech",3
"1857","era",3
"1858","pro",3
"1859","amt",3
"1860","textile",3
"1861","governor",3
"1862","hot",3
"1863","bath",3
"1864","obstacle",3
"1865","houston",3
"1866","lcole",3
"1867","jackie",3
"1868","milwaukee",3
"1869","avenue",3
"1870","ethosyou",3
"1871","soyou",3
"1872","brewery",3
"1873","tiger",3
"1874","ribbons",3
"1875","stemtastic",3
"1876","engineers",3
"1877","install",3
"1878","itrt",3
"1879","wks",3
"1880","gld",3
"1881","debate",3
"1882","colab",3
"1883","eduaubcedubduceduaubcedubeubeduaubdedubu",3
"1884","minimakerspace",3
"1885","rebuilding",3
"1886","approvededuaubdedubud",3
"1887","tim",3
"1888","mixeduse",3
"1889","harvard",3
"1890","metal",3
"1891","edvocate",3
"1892","broomfield",3
"1893","gizmo",3
"1894","jinx",3
"1895","pasta",3
"1896","wglue",3
"1897","experiment",3
"1898","treaties",3
"1899","birch",3
"1900","fiction",3
"1901","deltamaker",3
"1902","makerfx",3
"1903","jen",3
"1904","solo",3
"1905","crowd",3
"1906","rail",3
"1907","rdth",3
"1908","privilege",3
"1909","selves",3
"1910","normal",3
"1911","iteachmaker",3
"1912","index",3
"1913","castle",3
"1914","repurpose",3
"1915","bottle",3
"1916","rise",3
"1917","dean",3
"1918","zombie",3
"1919","sphere",3
"1920","yupthis",3
"1921","tps",3
"1922","tweaked",3
"1923","ozocodes",3
"1924","skillseduaubdedubu",3
"1925","engineer",3
"1926","evolved",3
"1927","stability",3
"1928","alliance",3
"1929","forprofit",3
"1930","southeast",3
"1931","handmade",3
"1932","wooden",3
"1933","duckporcupine",3
"1934","lemonade",3
"1935","demands",3
"1936","meeperbots",3
"1937","reserve",3
"1938","red",3
"1939","california",3
"1940","reborn",3
"1941","vital",3
"1942","survey",3
"1943","assist",3
"1944","niagara",3
"1945","curated",3
"1946","refer",3
"1947","rich",3
"1948","wisdom",3
"1949","interior",3
"1950","prof",3
"1951","suh",3
"1952","hes",3
"1953","rabbit",3
"1954","towson",3
"1955","australia",3
"1956","perspective",3
"1957","reopening",3
"1958","tmrw",3
"1959","acceleration",3
"1960","eduaubcedubuafeduaubcedububcoworking",3
"1961","redhawks",3
"1962","relief",3
"1963","shade",3
"1964","ldhss",3
"1965","ravens",3
"1966","makerspac",3
"1967","michelle",3
"1968","wendt",3
"1969","pto",3
"1970","projectbased",3
"1971","impromptu",3
"1972","coolest",3
"1973","sold",3
"1974","alliens",3
"1975","burch",3
"1976","eduaubdedubuc",3
"1977","hood",3
"1978","dance",3
"1979","freebie",3
"1980","ancient",3
"1981","caparisos",3
"1982","civilizations",3
"1983","poss",3
"1984","stacking",3
"1985","walker",3
"1986","eduaubeedubuaeduaubdedubu",3
"1987","programmed",3
"1988","tips",3
"1989","artwork",3
"1990","parachute",3
"1991","squidward",3
"1992","picnic",3
"1993","topographic",3
"1994","gold",3
"1995","mhs",3
"1996","veterans",3
"1997","ackerman",3
"1998","learningdiane",3
"1999","portraits",3
"2000","artmobi",3
"2001","kinda",3
"2002","styrofoam",3
"2003","artisans",3
"2004","jimmi",3
"2005","recognised",3
"2006","ability",3
"2007","reh",3
"2008","laura",3
"2009","hudsoncreative",3
"2010","winfield",3
"2011","hole",3
"2012","incubator",3
"2013","mode",3
"2014","norris",3
"2015","curricular",3
"2016","coteaching",3
"2017","wms",3
"2018","coat",3
"2019","curriculumhandson",3
"2020","carrollton",3
"2021","pitch",3
"2022","cura",3
"2023","value",3
"2024","role",3
"2025","lock",3
"2026","clothespin",3
"2027","circuitsoh",3
"2028","kodable",3
"2029","readysteadygocraft",3
"2030","bisd",3
"2031","itech",3
"2032","poll",3
"2033","ben",3
"2034","nunez",3
"2035","massachusetts",3
"2036","tho",3
"2037","guysthey",3
"2038","hef",3
"2039","ruberg",3
"2040","hpmss",3
"2041","community",3
"2042","edenrose",3
"2043","breakout",3
"2044","regret",3
"2045","wont",3
"2046","huddle",3
"2047","mummies",3
"2048","stage",3
"2049","flight",3
"2050","melt",3
"2051","engineering",3
"2052","isn",3
"2053","windmill",3
"2054","startup",3
"2055","panther",3
"2056","jax",3
"2057","ames",3
"2058","vid",3
"2059","yorks",3
"2060","timereading",3
"2061","creatingbuilding",3
"2062","rubik",3
"2063","teaser",3
"2064","ndss",3
"2065","madisonville",3
"2066","independent",3
"2067","woodshop",3
"2068","homeschool",3
"2069","lineup",3
"2070","gaugler",3
"2071","dreadlock",3
"2072","yoda",3
"2073","bob",3
"2074","constantly",3
"2075","canada",3
"2076","bins",3
"2077","habitat",3
"2078","guru",3
"2079","fame",3
"2080","combr",3
"2081","resin",3
"2082","creations",3
"2083","front",3
"2084","creating",3
"2085","technician",3
"2086","ttpbitlyxqypwt",3
"2087","macm",3
"2088","descriptive",3
"2089","norms",3
"2090","othereduaubcedubeu",3
"2091","gather",3
"2092","twice",3
"2093","shown",3
"2094","replaces",3
"2095","probably",3
"2096","entrepreneurial",3
"2097","hummingbird",3
"2098","eduaubdedububbeduaubdedubuauufefeduaubeedubu",3
"2099","subject",3
"2100","grizzlies",3
"2101","lifelong",3
"2102","premium",3
"2103","rapid",3
"2104","selling",3
"2105","ride",3
"2106","rachelle",3
"2107","todaylots",3
"2108","propeller",3
"2109","weekendsounds",3
"2110","silicon",3
"2111","briefcas",3
"2112","cdc",3
"2113","internships",3
"2114","french",3
"2115","gaspard",3
"2116","flakes",3
"2117","worst",3
"2118","grimmer",3
"2119","fluke",3
"2120","distributor",3
"2121","repeated",3
"2122","frog",3
"2123","martink",3
"2124","danceathon",3
"2125","financial",3
"2126","seminar",3
"2127","wes",3
"2128","viewers",3
"2129","bomb",3
"2130","cdwcorp",3
"2131","doorbells",3
"2132","sunnyslope",3
"2133","bookish",3
"2134","plaza",3
"2135","combo",3
"2136","breakfast",3
"2137","ban",3
"2138","arm",3
"2139","compare",3
"2140","fuses",3
"2141","couture",3
"2142","decoupage",3
"2143","drinks",3
"2144","broke",3
"2145","africa",3
"2146","evans",3
"2147","stitching",3
"2148","unicorn",3
"2149","est",3
"2150","malone",3
"2151","phls",3
"2152","amen",3
"2153","fiore",3
"2154","wout",3
"2155","household",3
"2156","comeback",3
"2157","abdullahi",3
"2158","editing",3
"2159","induction",3
"2160","cpc",3
"2161","brookside",3
"2162","spencer",3
"2163","linda",3
"2164","inquiryintegrated",3
"2165","island",3
"2166","huebners",3
"2167","speakers",3
"2168","makerspaceeduaubdedubua",3
"2169","mara",3
"2170","schedule",3
"2171","footage",3
"2172","easiesthardest",3
"2173","veg",3
"2174","hpas",3
"2175","bare",3
"2176","giraffe",3
"2177","otes",3
"2178","skeleton",3
"2179","elhert",3
"2180","lois",3
"2181","rov",3
"2182","tammysenecanet",3
"2183","abc",3
"2184","splash",3
"2185","rockstar",3
"2186","boxfun",3
"2187","georgia",3
"2188","soil",3
"2189","challengebased",3
"2190","leveling",3
"2191","makerspacethe",3
"2192","traffic",3
"2193","shannon",3
"2194","staub",3
"2195","gonser",3
"2196","limitless",3
"2197","jamesoncf",3
"2198","makerspaceturned",3
"2199","pyms",3
"2200","architects",3
"2201","osmo",3
"2202","capitalareaiu",3
"2203","jeff",3
"2204","classlink",3
"2205","wave",3
"2206","boe",3
"2207","rpe",3
"2208","ptsa",3
"2209","midwest",3
"2210","ampexpo",3
"2211","arounds",3
"2212","sampler",3
"2213","unforgettable",3
"2214","pot",3
"2215","taipei",3
"2216","egham",3
"2217","sendorek",3
"2218","sween",3
"2219","notch",3
"2220","breadboard",3
"2221","spheroid",3
"2222","mondayfriday",3
"2223","shes",3
"2224","athens",3
"2225","karkhana",3
"2226","mela",3
"2227","prek",3
"2228","nightjoin",3
"2229","tahrirour",3
"2230","publika",3
"2231","strive",3
"2232","eduaubdedubauu",3
"2233","icreate",3
"2234","projector",3
"2235","rfid",3
"2236","wintegrated",3
"2237","neosho",3
"2238","doug",3
"2239","drdougsnuggets",3
"2240","itworth",3
"2241","plate",3
"2242","yogis",3
"2243","bitmojis",2
"2244","microbit",2
"2245","rockford",2
"2246","classic",2
"2247","soontobe",2
"2248","madrid",2
"2249","farthest",2
"2250","sfe",2
"2251","compliment",2
"2252","diego",2
"2253","san",2
"2254","usd",2
"2255","dual",2
"2256","opp",2
"2257","pln",2
"2258","black",2
"2259","nohs",2
"2260","lhs",2
"2261","attitude",2
"2262","bridgebuilding",2
"2263","ths",2
"2264","boiler",2
"2265","espinoza",2
"2266","ahead",2
"2267","horror",2
"2268","labedu",2
"2269","cycle",2
"2270","port",2
"2271","weeks",2
"2272","borgatti",2
"2273","brooklyn",2
"2274","ecosystem",2
"2275","iot",2
"2276","mansystems",2
"2277","rdm",2
"2278","twitch",2
"2279","gibson",2
"2280","lincoln",2
"2281","pay",2
"2282","rep",2
"2283","dummies",2
"2284","seesawformative",2
"2285","score",2
"2286","cosplay",2
"2287","dispenser",2
"2288","inner",2
"2289","aja",2
"2290","extend",2
"2291","silverspring",2
"2292","kwc",2
"2293","dan",2
"2294","nightser",2
"2295","ewaste",2
"2296","short",2
"2297","kresge",2
"2298","oakland",2
"2299","weuufef",2
"2300","mavblock",2
"2301","investigate",2
"2302","sharp",2
"2303","ppl",2
"2304","boze",2
"2305","foldable",2
"2306","alwayson",2
"2307","israel",2
"2308","usergenerated",2
"2309","usin",2
"2310","edmonton",2
"2311","memories",2
"2312","spps",2
"2313","unfamiliar",2
"2314","collaborationamp",2
"2315","towerbut",2
"2316","upgrades",2
"2317","pawling",2
"2318","drug",2
"2319","protect",2
"2320","bongi",2
"2321","gamification",2
"2322","gingerbread",2
"2323","stema",2
"2324","hannah",2
"2325","cav",2
"2326","played",2
"2327","speed",2
"2328","guadalupe",2
"2329","nest",2
"2330","eduaubdedubueduaubdedubudeduaubdedubuf",2
"2331","lid",2
"2332","popsicle",2
"2333","researched",2
"2334","trebuchet",2
"2335","cuties",2
"2336","eduaubdedubuaa",2
"2337","sreed",2
"2338","pet",2
"2339","backwards",2
"2340","film",2
"2341","athome",2
"2342","staple",2
"2343","buildabear",2
"2344","franken",2
"2345","undergraduate",2
"2346","multiusemakerspace",2
"2347","haude",2
"2348","artifacts",2
"2349","yashs",2
"2350","grab",2
"2351","whatever",2
"2352","ciancio",2
"2353","butterflies",2
"2354","monarch",2
"2355","relat",2
"2356","sue",2
"2357","haha",2
"2358","microcontrollers",2
"2359","wedo",2
"2360","zspace",2
"2361","glasses",2
"2362","forgot",2
"2363","trays",2
"2364","counter",2
"2365","filtering",2
"2366","filtration",2
"2367","kidneys",2
"2368","chemical",2
"2369","workers",2
"2370","sentences",2
"2371","eduaubdedububin",2
"2372","dropin",2
"2373","eduaubdedubuahow",2
"2374","finger",2
"2375","garters",2
"2376","collaboratio",2
"2377","lake",2
"2378","perris",2
"2379","fhs",2
"2380","minimaker",2
"2381","slomo",2
"2382","launcher",2
"2383","hovercrafts",2
"2384","rheingans",2
"2385","lost",2
"2386","toothpick",2
"2387","determine",2
"2388","plane",2
"2389","lynwood",2
"2390","scie",2
"2391","reverse",2
"2392","president",2
"2393","invigorate",2
"2394","haves",2
"2395","muc",2
"2396","librar",2
"2397","unimagined",2
"2398","breast",2
"2399","cancer",2
"2400","preschool",2
"2401","midterm",2
"2402","rescue",2
"2403","document",2
"2404","fup",2
"2405","gtlaunching",2
"2406","actioneduaubdedubua",2
"2407","nurses",2
"2408","texas",2
"2409","glendening",2
"2410","dziedzic",2
"2411","dunia",2
"2412","andrews",2
"2413","narrator",2
"2414","absolutely",2
"2415","budgetfriendly",2
"2416","sense",2
"2417","overheard",2
"2418","todaythis",2
"2419","turtle",2
"2420","phes",2
"2421","basement",2
"2422","eduaubdedububaufef",2
"2423","betagt",2
"2424","ltin",2
"2425","tongji",2
"2426","fro",2
"2427","hangzhou",2
"2428","suzhou",2
"2429","eduaubdedubue",2
"2430","later",2
"2431","slub",2
"2432","shift",2
"2433","workspace",2
"2434","lmathieu",2
"2435","largest",2
"2436","kennedyps",2
"2437","mfsc",2
"2438","son",2
"2439","dougpete",2
"2440","ela",2
"2441","dolls",2
"2442","silver",2
"2443","sts",2
"2444","costefficient",2
"2445","userfriendly",2
"2446","soyan",2
"2447","byconnected",2
"2448","ieic",2
"2449","includedexcludedimpacted",2
"2450","statement",2
"2451","kprep",2
"2452","collabo",2
"2453","grantelem",2
"2454","curtis",2
"2455","glenn",2
"2456","harlem",2
"2457","renaissance",2
"2458","makerspaceits",2
"2459","male",2
"2460","intramurals",2
"2461","nathan",2
"2462","societies",2
"2463","ideas",2
"2464","anymore",2
"2465","path",2
"2466","anywhere",2
"2467","den",2
"2468","caused",2
"2469","deserve",2
"2470","vcrs",2
"2471","nchs",2
"2472","catalyst",2
"2473","employers",2
"2474","classr",2
"2475","capilano",2
"2476","codeapillar",2
"2477","eve",2
"2478","honored",2
"2479","ghs",2
"2480","jerseys",2
"2481","volleyball",2
"2482","wands",2
"2483","thread",2
"2484","luck",2
"2485","pleasure",2
"2486","googley",2
"2487","pride",2
"2488","federal",2
"2489","statewide",2
"2490","oclock",2
"2491","snell",2
"2492","adam",2
"2493","sconway",2
"2494","enchanting",2
"2495","seal",2
"2496","eduaubcedubdu",2
"2497","buildabot",2
"2498","albert",2
"2499","einstein",2
"2500","prohibition",2
"2501","monkey",2
"2502","scott",2
"2503","indispensable",2
"2504","brother",2
"2505","literacy",2
"2506","vehicle",2
"2507","educationa",2
"2508","appeared",2
"2509","toilet",2
"2510","carnival",2
"2511","makerspacepto",2
"2512","mnw",2
"2513","zamin",2
"2514","episode",2
"2515","automatic",2
"2516","mine",2
"2517","punkin",2
"2518","yrs",2
"2519","evolution",2
"2520","noticed",2
"2521","scaffolded",2
"2522","tweet",2
"2523","error",2
"2524","preserve",2
"2525","terrific",2
"2526","teachbooks",2
"2527","combat",2
"2528","weekmake",2
"2529","jeffco",2
"2530","eduaubdedubufeduaubeedubu",2
"2531","eduaubdedubudeduaubdedubu",2
"2532","mindfulnes",2
"2533","sun",2
"2534","steckel",2
"2535","willuufef",2
"2536","gre",2
"2537","helpers",2
"2538","authentic",2
"2539","postsre",2
"2540","hawks",2
"2541","jost",2
"2542","bill",2
"2543","ankaras",2
"2544","exist",2
"2545","modular",2
"2546","belt",2
"2547","bungee",2
"2548","fashion",2
"2549","rafeeks",2
"2550","foot",2
"2551","fioravanti",2
"2552","submitted",2
"2553","mcallen",2
"2554","aurdino",2
"2555","exhaustion",2
"2556","funthe",2
"2557","makerspacedash",2
"2558","thanks",2
"2559","belongs",2
"2560","mesopot",2
"2561","painters",2
"2562","tap",2
"2563","tickle",2
"2564","accept",2
"2565","lil",2
"2566","riders",2
"2567","woodstone",2
"2568","lia",2
"2569","homeclassroommakerspace",2
"2570","joining",2
"2571","longer",2
"2572","slime",2
"2573","aasl",2
"2574","renovatedlearning",2
"2575","gate",2
"2576","stained",2
"2577","sentinel",2
"2578","sweet",2
"2579","eduaubdedubufeduaubcedubeueduaubdedubud",2
"2580","kate",2
"2581","pantelides",2
"2582","outreach",2
"2583","facets",2
"2584","makerpace",2
"2585","bump",2
"2586","fist",2
"2587","adventure",2
"2588","pyramids",2
"2589","achieve",2
"2590","larger",2
"2591","cha",2
"2592","saboteurs",2
"2593","silent",2
"2594","chose",2
"2595","resistance",2
"2596","eduaubdedububbeduaubcedubeueduaubeedubu",2
"2597","pigeon",2
"2598","behavioral",2
"2599","blueprints",2
"2600","execute",2
"2601","closest",2
"2602","rainbow",2
"2603","lciz",2
"2604","COPyright",2
"2605","laws",2
"2606","hung",2
"2607","lcms",2
"2608","entrepreneurship",2
"2609","neighborhood",2
"2610","approaches",2
"2611","rush",2
"2612","rva",2
"2613","hashtags",2
"2614","membership",2
"2615","galimoto",2
"2616","matt",2
"2617","kickdown",2
"2618","righteous",2
"2619","strange",2
"2620","timewe",2
"2621","depasquale",2
"2622","cantera",2
"2623","literature",2
"2624","bowmans",2
"2625","columbia",2
"2626","eduaubdedubufeduaubdedubu",2
"2627","machray",2
"2628","css",2
"2629","html",2
"2630","javascript",2
"2631","johnmark",2
"2632","pal",2
"2633","ecofriendly",2
"2634","filament",2
"2635","curriculumgreat",2
"2636","kaaba",2
"2637","progressth",2
"2638","wailing",2
"2639","brook",2
"2640","believe",2
"2641","chain",2
"2642","barriers",2
"2643","aint",2
"2644","acbl",2
"2645","plug",2
"2646","eduaubdedubufeduaubcedubfubc",2
"2647","connefte",2
"2648","timba",2
"2649","mel",2
"2650","text",2
"2651","mrdc",2
"2652","quiver",2
"2653","founders",2
"2654","goodbye",2
"2655","replaced",2
"2656","triple",2
"2657","throughout",2
"2658","grs",2
"2659","pirinted",2
"2660","gru",2
"2661","esp",2
"2662","pursue",2
"2663","ecole",2
"2664","boss",2
"2665","golf",2
"2666","eduaubdedubuatoday",2
"2667","eduaubcedubcuf",2
"2668","wiggle",2
"2669","guitar",2
"2670","trainers",2
"2671","hangout",2
"2672","wildcats",2
"2673","activitiesmaterialsreflections",2
"2674","collaged",2
"2675","insights",2
"2676","iterative",2
"2677","overall",2
"2678","shear",2
"2679","lee",2
"2680","yeah",2
"2681","ama",2
"2682","bensons",2
"2683","late",2
"2684","rice",2
"2685","footprint",2
"2686","beth",2
"2687","costs",2
"2688","constraint",2
"2689","monument",2
"2690","factours",2
"2691","factur",2
"2692","accordion",2
"2693","interests",2
"2694","cell",2
"2695","returns",2
"2696","eastern",2
"2697","static",2
"2698","jump",2
"2699","occurs",2
"2700","bilecki",2
"2701","stone",2
"2702","braddock",2
"2703","moore",2
"2704","lampshade",2
"2705","golden",2
"2706","consortium",2
"2707","hyer",2
"2708","northtexas",2
"2709","lancers",2
"2710","turkeys",2
"2711","ideabook",2
"2712","idealab",2
"2713","crosspollination",2
"2714","norfolk",2
"2715","dentonisd",2
"2716","wegrzyn",2
"2717","pairing",2
"2718","whiteboards",2
"2719","elmhurst",2
"2720","nhc",2
"2721","carton",2
"2722","thu",2
"2723","rllc",2
"2724","trailer",2
"2725","loved",2
"2726","drawers",2
"2727","entries",2
"2728","butt",2
"2729","goto",2
"2730","wonderful",2
"2731","res",2
"2732","stth",2
"2733","austin",2
"2734","batlab",2
"2735","printing",2
"2736","amazing",2
"2737","whew",2
"2738","hones",2
"2739","bracelet",2
"2740","wkshp",2
"2741","peter",2
"2742","appropriate",2
"2743","droneslaw",2
"2744","hospital",2
"2745","bioshock",2
"2746","duh",2
"2747","pcc",2
"2748","splicer",2
"2749","sppnsored",2
"2750","actionmath",2
"2751","hotjournal",2
"2752","stampnd",2
"2753","hazen",2
"2754","hinson",2
"2755","jeglinkski",2
"2756","unc",2
"2757","genuinely",2
"2758","bluebots",2
"2759","constructioncraft",2
"2760","giggle",2
"2761","crossett",2
"2762","deo",2
"2763","bet",2
"2764","christi",2
"2765","corpus",2
"2766","behaviour",2
"2767","imp",2
"2768","cheer",2
"2769","lookfeel",2
"2770","storage",2
"2771","bee",2
"2772","fundraiser",2
"2773","dice",2
"2774","transfer",2
"2775","atm",2
"2776","suspect",2
"2777","resilience",2
"2778","wit",2
"2779","observe",2
"2780","freedom",2
"2781","sydney",2
"2782","edible",2
"2783","masters",2
"2784","chess",2
"2785","eduaubdedubuaeduaubdedububeduaubcedubfubbuduufefeduaubeedubudeduaubdedubuaeduaubcedubfubeudeduaubdedubua",2
"2786","dove",2
"2787","doodle",2
"2788","haven",2
"2789","jobs",2
"2790","hartmsmakers",2
"2791","grew",2
"2792","rowland",2
"2793","habits",2
"2794","deal",2
"2795","lauren",2
"2796","makersapce",2
"2797","lane",2
"2798","suit",2
"2799","lindsey",2
"2800","pounds",2
"2801","teachpandas",2
"2802","mindshift",2
"2803","sophie",2
"2804","massive",2
"2805","unplugged",2
"2806","deriso",2
"2807","makerspacetream",2
"2808","signup",2
"2809","navigating",2
"2810","kinderga",2
"2811","eduaubdedubuceduaubcedubfubb",2
"2812","macimakerspacemarv",2
"2813","clubs",2
"2814","kmaqheritage",2
"2815","eduaubcedubeuchallenges",2
"2816","lapse",2
"2817","layers",2
"2818","ann",2
"2819","permanent",2
"2820","cabinet",2
"2821","lacue",2
"2822","lubricants",2
"2823","littlebits",2
"2824","makeathon",2
"2825","attempt",2
"2826","kimrivera",2
"2827","aboutcode",2
"2828","storytime",2
"2829","fingerpuppet",2
"2830","nhs",2
"2831","motors",2
"2832","aliano",2
"2833","fcs",2
"2834","circles",2
"2835","outs",2
"2836","pflugerville",2
"2837","air",2
"2838","jack",2
"2839","lauders",2
"2840","ziploc",2
"2841","mravecs",2
"2842","zoo",2
"2843","chms",2
"2844","beckett",2
"2845","corp",2
"2846","dsg",2
"2847","mary",2
"2848","avossa",2
"2849","less",2
"2850","tei",2
"2851","egypt",2
"2852","sip",2
"2853","brenda",2
"2854","ovens",2
"2855","preview",2
"2856","dyk",2
"2857","mgsa",2
"2858","handibot",2
"2859","alabama",2
"2860","lamar",2
"2861","crossgenerational",2
"2862","vfw",2
"2863","fox",2
"2864","elt",2
"2865","troubleshooting",2
"2866","log",2
"2867","rthr",2
"2868","alw",2
"2869","mister",2
"2870","mouths",2
"2871","wisest",2
"2872","gratitude",2
"2873","recieved",2
"2874","altman",2
"2875","mitch",2
"2876","sec",2
"2877","woodwork",2
"2878","usually",2
"2879","newbies",2
"2880","equal",2
"2881","raise",2
"2882","contributing",2
"2883","daniel",2
"2884","COP",2
"2885","bandit",2
"2886","isolated",2
"2887","mouthpiece",2
"2888","trumpet",2
"2889","wild",2
"2890","funfilled",2
"2891","medium",2
"2892","showca",2
"2893","disassemble",2
"2894","comoderator",2
"2895","slingshot",2
"2896","alleviate",2
"2897","kenya",2
"2898","kibera",2
"2899","slum",2
"2900","complicated",2
"2901","sandwich",2
"2902","ccboe",2
"2903","circuitry",2
"2904","coned",2
"2905","iove",2
"2906","cullen",2
"2907","mhhs",2
"2908","entails",2
"2909","perception",2
"2910","jobeduaubdedubudeduaubcedubfubc",2
"2911","seatack",2
"2912","makerspaceeduaubdedubaueduaubdedubbub",2
"2913","saints",2
"2914","moodle",2
"2915","anderko",2
"2916","bmore",2
"2917","mib",2
"2918","earth",2
"2919","inventor",2
"2920","prusa",2
"2921","sixth",2
"2922","thisisfreegle",2
"2923","moment",2
"2924","caitlin",2
"2925","milena",2
"2926","oolups",2
"2927","stationrelaxation",2
"2928","kschool",2
"2929","mcgregor",2
"2930","chamber",2
"2931","tuesampthur",2
"2932","scottsbluff",2
"2933","qubits",2
"2934","eggbeater",2
"2935","challengeto",2
"2936","goats",2
"2937","gruff",2
"2938","jumper",2
"2939","shirt",2
"2940","major",2
"2941","troops",2
"2942","bricks",2
"2943","ones",2
"2944","apparently",2
"2945","gained",2
"2946","maintenance",2
"2947","slimme",2
"2948","trapper",2
"2949","btw",2
"2950","siefken",2
"2951","stu",2
"2952","wgong",2
"2953","dillon",2
"2954","libraryes",2
"2955","professional",2
"2956","ofeducationation",2
"2957","eduaubdedubuainto",2
"2958","days",2
"2959","dodgers",2
"2960","cms",2
"2961","ell",2
"2962","torres",2
"2963","hightech",2
"2964","soup",2
"2965","hanneken",2
"2966","surratt",2
"2967","asynchronous",2
"2968","horizions",2
"2969","aisd",2
"2970","eduaubdedubueeduaubdedububuufef",2
"2971","masscue",2
"2972","realtor",2
"2973","semidarkness",2
"2974","innostrats",2
"2975","litts",2
"2976","ashlee",2
"2977","stairway",2
"2978","zeppelin",2
"2979","unused",2
"2980","worthwhile",2
"2981","compatible",2
"2982","beaverton",2
"2983","tpt",2
"2984","citizenship",2
"2985","sequencing",2
"2986","apts",2
"2987","hillside",2
"2988","tcbs",2
"2989","elm",2
"2990","double",2
"2991","spaceflight",2
"2992","potential",2
"2993","brownie",2
"2994","proceeds",2
"2995","wouldn",2
"2996","murray",2
"2997","thomas",2
"2998","oms",2
"2999","glorified",2
"3000","football",2
"3001","autodesk",2
"3002","relationship",2
"3003","bryant",2
"3004","farming",2
"3005","tania",2
"3006","layout",2
"3007","shadow",2
"3008","showtime",2
"3009","jwms",2
"3010","whos",2
"3011","poets",2
"3012","makerspacecome",2
"3013","anytime",2
"3014","traceyinnovative",2
"3015","beam",2
"3016","illustrations",2
"3017","synth",2
"3018","needsinterests",2
"3019","selfgenerated",2
"3020","inquiry",2
"3021","rotation",2
"3022","acquisition",2
"3023","cmarks",2
"3024","ornaments",2
"3025","xmas",2
"3026","stemcon",2
"3027","materialsare",2
"3028","kis",2
"3029","cda",2
"3030","vocational",2
"3031","gilbert",2
"3032","katelin",2
"3033","skip",2
"3034","establishing",2
"3035","eduaubdedubueduaubdedubua",2
"3036","advil",2
"3037","whistles",2
"3038","outstanding",2
"3039","pmhs",2
"3040","characteristics",2
"3041","cairo",2
"3042","flinc",2
"3043","detectives",2
"3044","mending",2
"3045","vroom",2
"3046","curious",2
"3047","grass",2
"3048","rocklin",2
"3049","shamancycle",2
"3050","educationatorx",2
"3051","permission",2
"3052","playand",2
"3053","moonlighter",2
"3054","unwind",2
"3055","tvs",2
"3056","hrsb",2
"3057","misd",2
"3058","owners",2
"3059","ework",2
"3060","calm",2
"3061","restorative",2
"3062","bbc",2
"3063","againit",1
"3064","hasn",1
"3065","callwood",1
"3066","rose",1
"3067","jackolanterns",1
"3068","quartet",1
"3069","soundtrack",1
"3070","vitamin",1
"3071","router",1
"3072","albemarle",1
"3073","entreprene",1
"3074","nlc",1
"3075","bghs",1
"3076","apatterson",1
"3077","classpriceless",1
"3078","delphos",1
"3079","twelve",1
"3080","hou",1
"3081","wmore",1
"3082","traps",1
"3083","stangs",1
"3084","midsexsomt",1
"3085","takers",1
"3086","creationa",1
"3087","plasticine",1
"3088","ampn",1
"3089","nebras",1
"3090","abdo",1
"3091","bookshelfautomatically",1
"3092","bookzonefree",1
"3093","ebo",1
"3094","radish",1
"3095","mgrade",1
"3096","spatterning",1
"3097","woman",1
"3098","pegboard",1
"3099","rubberband",1
"3100","dukecitysd",1
"3101","remakelearning",1
"3102","padcasters",1
"3103","dat",1
"3104","checkers",1
"3105","gms",1
"3106","garrard",1
"3107","recurring",1
"3108","diagrams",1
"3109","volt",1
"3110","fvps",1
"3111","least",1
"3112","freshman",1
"3113","cataloger",1
"3114","cried",1
"3115","core",1
"3116","selfdrawing",1
"3117","iteam",1
"3118","dough",1
"3119","spiderwebs",1
"3120","soanes",1
"3121","whiz",1
"3122","interim",1
"3123","orsinos",1
"3124","jpl",1
"3125","backtoschool",1
"3126","musthaves",1
"3127","places",1
"3128","varied",1
"3129","pricey",1
"3130","buzzer",1
"3131","cherree",1
"3132","hockey",1
"3133","ron",1
"3134","god",1
"3135","wagon",1
"3136","hcps",1
"3137","fisdlib",1
"3138","rubiks",1
"3139","chaos",1
"3140","neatorganized",1
"3141","opinion",1
"3142","basildon",1
"3143","katrinar",1
"3144","jaspers",1
"3145","eventual",1
"3146","dsp",1
"3147","workstations",1
"3148","hig",1
"3149","underfunded",1
"3150","flores",1
"3151","playdough",1
"3152","devaughn",1
"3153","developm",1
"3154","economic",1
"3155","oglala",1
"3156","pearson",1
"3157","peec",1
"3158","security",1
"3159","jaguars",1
"3160","lowe",1
"3161","solid",1
"3162","ran",1
"3163","feelin",1
"3164","ocean",1
"3165","mirrors",1
"3166","perisCOPes",1
"3167","hebsee",1
"3168","tutus",1
"3169","moira",1
"3170","poured",1
"3171","timelapse",1
"3172","kevin",1
"3173","emma",1
"3174","heap",1
"3175","orchard",1
"3176","quilling",1
"3177","weeded",1
"3178","ilab",1
"3179","consolidated",1
"3180","rushville",1
"3181","ambition",1
"3182","colleagues",1
"3183","fearless",1
"3184","maryam",1
"3185","medal",1
"3186","mirzakhanis",1
"3187","makerspacelessons",1
"3188","sindoh",1
"3189","missouri",1
"3190","settling",1
"3191","feb",1
"3192","sol",1
"3193","hundreds",1
"3194","successeduaubdedubuc",1
"3195","blown",1
"3196","nsw",1
"3197","roadshow",1
"3198","chapter",1
"3199","eduaubcedubeuaeduaubdedubuaubufef",1
"3200","pleasant",1
"3201","taste",1
"3202","coll",1
"3203","greenscreen",1
"3204","tested",1
"3205","tin",1
"3206","shapiro",1
"3207","dalmatians",1
"3208","images",1
"3209","sting",1
"3210","peak",1
"3211","pikes",1
"3212","bresler",1
"3213","carrenos",1
"3214","sra",1
"3215","conferencesworkshops",1
"3216","mazes",1
"3217","swag",1
"3218","uufefeduaubdedubua",1
"3219","noonp",1
"3220","specific",1
"3221","persistence",1
"3222","calaveras",1
"3223","blood",1
"3224","pollution",1
"3225","flex",1
"3226","tha",1
"3227","gainesville",1
"3228","jbd",1
"3229","vcs",1
"3230","mason",1
"3231","refinishing",1
"3232","inte",1
"3233","webcast",1
"3234","scrapers",1
"3235","sky",1
"3236","gatheringrequesting",1
"3237","improvin",1
"3238","collab",1
"3239","geniushour",1
"3240","pltw",1
"3241","nuts",1
"3242","processbut",1
"3243","hampton",1
"3244","jenean",1
"3245","lieutenant",1
"3246","sarahryan",1
"3247","rbe",1
"3248","bulb",1
"3249","curcuit",1
"3250","engineerin",1
"3251","aaaa",1
"3252","miller",1
"3253","sylvia",1
"3254","tutorials",1
"3255","yea",1
"3256","rayners",1
"3257","crawford",1
"3258","pixelskids",1
"3259","street",1
"3260","tasty",1
"3261","coliseum",1
"3262","roman",1
"3263","philbrick",1
"3264","henna",1
"3265","laughing",1
"3266","screaming",1
"3267","bloo",1
"3268","fuller",1
"3269","crafternoon",1
"3270","cute",1
"3271","coast",1
"3272","guard",1
"3273","west",1
"3274","arnold",1
"3275","marvelous",1
"3276","mattie",1
"3277","duplicate",1
"3278","yellowfall",1
"3279","abt",1
"3280","wistop",1
"3281","adrian",1
"3282","bizarre",1
"3283","headgear",1
"3284","selfdriving",1
"3285","titan",1
"3286","tigers",1
"3287","dps",1
"3288","fridays",1
"3289","directors",1
"3290","problemsolving",1
"3291","costco",1
"3292","gondolier",1
"3293","mnmathman",1
"3294","challen",1
"3295","wwms",1
"3296","sierra",1
"3297","gerstein",1
"3298","eva",1
"3299","exci",1
"3300","proper",1
"3301","waterproof",1
"3302","nyland",1
"3303","educationationcloset",1
"3304","infoorg",1
"3305","confusing",1
"3306","landscape",1
"3307","inquirybased",1
"3308","competition",1
"3309","kazanecki",1
"3310","hillsmiddle",1
"3311","curie",1
"3312","nobel",1
"3313","gunfor",1
"3314","facebook",1
"3315","oxtedmarket",1
"3316","couldnt",1
"3317","pre",1
"3318","salvaged",1
"3319","steier",1
"3320","usb",1
"3321","wireless",1
"3322","msnaganaga",1
"3323","pit",1
"3324","an",1
"3325","hoa",1
"3326","dildo",1
"3327","nsfw",1
"3328","mats",1
"3329","hahago",1
"3330","arkansas",1
"3331","ccc",1
"3332","seperate",1
"3333","labour",1
"3334","travailsgarden",1
"3335","dead",1
"3336","makerspaceeduaubdedubuc",1
"3337","barcampsarasota",1
"3338","makerspacecom",1
"3339","mfgstories",1
"3340","eduaubdedubueduaubdedubud",1
"3341","lookin",1
"3342","greatest",1
"3343","broadsheet",1
"3344","claremont",1
"3345","dozen",1
"3346","nationwide",1
"3347","goddess",1
"3348","desire",1
"3349","doggo",1
"3350","eduaubdedubuaeduaubdedubu",1
"3351","kids",1
"3352","enjoying",1
"3353","nsta",1
"3354","trash",1
"3355","aachen",1
"3356","udufef",1
"3357","agai",1
"3358","bandsawmachine",1
"3359","finnworking",1
"3360","wanna",1
"3361","revisiting",1
"3362","progr",1
"3363","educationators",1
"3364","eart",1
"3365","kibo",1
"3366","meetulp",1
"3367","smsd",1
"3368","chris",1
"3369","comicpalooza",1
"3370","davinci",1
"3371","brum",1
"3372","kiln",1
"3373","favourite",1
"3374","snag",1
"3375","jada",1
"3376","mcgray",1
"3377","adopt",1
"3378","waffle",1
"3379","constructivism",1
"3380","lack",1
"3381","provoking",1
"3382","stretched",1
"3383","nwla",1
"3384","bg",1
"3385","classifieds",1
"3386","gratis",1
"3387","insprng",1
"3388","matterwhat",1
"3389","tinkeringprototypinggetting",1
"3390","tixinfo",1
"3391","bound",1
"3392","bronx",1
"3393","lyons",1
"3394","inglorious",1
"3395","icon",1
"3396","compression",1
"3397","shredding",1
"3398","thru",1
"3399","bengaluru",1
"3400","acquired",1
"3401","pbls",1
"3402","father",1
"3403","malloy",1
"3404","respectful",1
"3405","perler",1
"3406","robo",1
"3407","apocalypse",1
"3408","coins",1
"3409","actinomycetes",1
"3410","bacteria",1
"3411","rain",1
"3412","smell",1
"3413","makerspacegreenscreen",1
"3414","proj",1
"3415","dykstra",1
"3416","servicesalso",1
"3417","bookshelves",1
"3418","futons",1
"3419","lamps",1
"3420","rugs",1
"3421","creativitysounds",1
"3422","jackpot",1
"3423","laughter",1
"3424","dslr",1
"3425","foun",1
"3426","rpl",1
"3427","aka",1
"3428","covert",1
"3429","armature",1
"3430","league",1
"3431","sumo",1
"3432","kokomo",1
"3433","prejudice",1
"3434","shak",1
"3435","unexpected",1
"3436","prop",1
"3437","responding",1
"3438","lik",1
"3439","kemp",1
"3440","compelling",1
"3441","creationscricut",1
"3442","cutouts",1
"3443","designsoh",1
"3444","jungle",1
"3445","tige",1
"3446","beverages",1
"3447","sugar",1
"3448","dome",1
"3449","scandal",1
"3450","teapot",1
"3451","amelia",1
"3452","earhart",1
"3453","lindbergh",1
"3454","fitzgerald",1
"3455","flappers",1
"3456","jazz",1
"3457","republican",1
"3458","slo",1
"3459","captivating",1
"3460","continuum",1
"3461","fluid",1
"3462","unregulated",1
"3463","whatcha",1
"3464","franconia",1
"3465","ionyc",1
"3466","fowler",1
"3467","uufefeduaubdedubud",1
"3468","benefits",1
"3469","throw",1
"3470","brin",1
"3471","florida",1
"3472","outdated",1
"3473","iqra",1
"3474","tent",1
"3475","blink",1
"3476","medford",1
"3477","ideafac",1
"3478","pinging",1
"3479","generally",1
"3480","peoplethough",1
"3481","smaller",1
"3482","whereas",1
"3483","multilingual",1
"3484","thin",1
"3485","butler",1
"3486","sloth",1
"3487","buzzword",1
"3488","coop",1
"3489","granville",1
"3490","mulc",1
"3491","cobblehaven",1
"3492","hackathon",1
"3493","loud",1
"3494","preassessment",1
"3495","qoh",1
"3496","mentality",1
"3497","ostrich",1
"3498","straight",1
"3499","lace",1
"3500","needle",1
"3501","atom",1
"3502","hcs",1
"3503","eduaubcedubdueduaubcedubdu",1
"3504","wisely",1
"3505","makerfairs",1
"3506","packngo",1
"3507","swallow",1
"3508","union",1
"3509","makerspacewill",1
"3510","presentation",1
"3511","bedroom",1
"3512","extruder",1
"3513","grinder",1
"3514","tablet",1
"3515","unconventional",1
"3516","cfb",1
"3517","eduaubcedubfub",1
"3518","margaret",1
"3519","thatua",1
"3520","crochet",1
"3521","smartphones",1
"3522","gadgets",1
"3523","strangest",1
"3524","abouts",1
"3525","doubt",1
"3526","overlords",1
"3527","kindles",1
"3528","passionbased",1
"3529","rubrics",1
"3530","challengemake",1
"3531","famous",1
"3532","yiss",1
"3533","cutest",1
"3534","elschool",1
"3535","rrad",1
"3536","routine",1
"3537","reference",1
"3538","born",1
"3539","aftern",1
"3540","entire",1
"3541","mccann",1
"3542","rams",1
"3543","accent",1
"3544","arduinomakerspace",1
"3545","british",1
"3546","atat",1
"3547","halloweenstyle",1
"3548","oncampus",1
"3549","proposals",1
"3550","foundrymakerspace",1
"3551","psms",1
"3552","banaao",1
"3553","ecracker",1
"3554","officeor",1
"3555","psa",1
"3556","thfloor",1
"3557","towe",1
"3558","cloudbased",1
"3559","roadmap",1
"3560","beloved",1
"3561","dreaded",1
"3562","fluffing",1
"3563","thirdgrade",1
"3564","appl",1
"3565","conversation",1
"3566","nasa",1
"3567","conclude",1
"3568","flag",1
"3569","puerto",1
"3570","rican",1
"3571","steering",1
"3572","makerspacetechnology",1
"3573","modt",1
"3574","yatenkou",1
"3575","generion",1
"3576","brookfield",1
"3577","lagrange",1
"3578","lopez",1
"3579","orlandosentinel",1
"3580","arendal",1
"3581","hidden",1
"3582","norway",1
"3583","superpowers",1
"3584","tedx",1
"3585","troxel",1
"3586","heavengr",1
"3587","delectation",1
"3588","potato",1
"3589","cheap",1
"3590","shocked",1
"3591","bickford",1
"3592","gutting",1
"3593","harvey",1
"3594","mbe",1
"3595","loo",1
"3596","outdoors",1
"3597","sack",1
"3598","fahed",1
"3599","lianna",1
"3600","samara",1
"3601","earlier",1
"3602","kelly",1
"3603","depot",1
"3604","ruining",1
"3605","awesom",1
"3606","hodge",1
"3607","boolean",1
"3608","hooligan",1
"3609","makedo",1
"3610","laboratory",1
"3611","gamifying",1
"3612","dibbles",1
"3613","morehead",1
"3614","burleson",1
"3615","todd",1
"3616","jtw",1
"3617","woah",1
"3618","xwing",1
"3619","pdf",1
"3620","stemac",1
"3621","entr",1
"3622","splendid",1
"3623","wife",1
"3624","slms",1
"3625","decals",1
"3626","checkerboards",1
"3627","dreamers",1
"3628","bigeye",1
"3629","spce",1
"3630","circuits",1
"3631","birdville",1
"3632","crops",1
"3633","herbs",1
"3634","nutrition",1
"3635","compendium",1
"3636","contract",1
"3637","neuman",1
"3638","evidence",1
"3639","bluebird",1
"3640","dcor",1
"3641","handcraft",1
"3642","ottawa",1
"3643","progresscompletely",1
"3644","geometry",1
"3645","confined",1
"3646","relaunches",1
"3647","hiya",1
"3648","options",1
"3649","gec",1
"3650","valerie",1
"3651","karen",1
"3652","lynn",1
"3653","markham",1
"3654","kreinhop",1
"3655","higgins",1
"3656","eatin",1
"3657","novelpicture",1
"3658","instrument",1
"3659","blackest",1
"3660","pigment",1
"3661","knives",1
"3662","northmonts",1
"3663","bolts",1
"3664","dvd",1
"3665","mache",1
"3666","papier",1
"3667","wooooooooooo",1
"3668","sta",1
"3669","thomasrccdsb",1
"3670","ucufef",1
"3671","workday",1
"3672","glance",1
"3673","dutch",1
"3674","mechanical",1
"3675","bloomfield",1
"3676","particular",1
"3677","pegged",1
"3678","square",1
"3679","bhsup",1
"3680","marisa",1
"3681","fighting",1
"3682","lesliercms",1
"3683","rcms",1
"3684","sewstart",1
"3685","veneering",1
"3686","stmoran",1
"3687","soluble",1
"3688","mshs",1
"3689","saddle",1
"3690","outlet",1
"3691","beestans",1
"3692","worcs",1
"3693","rid",1
"3694","sewable",1
"3695","materials",1
"3696","alisha",1
"3697","fresh",1
"3698","keeping",1
"3699","almna",1
"3700","imperial",1
"3701","kenan",1
"3702","bay",1
"3703","intelligent",1
"3704","jon",1
"3705","shipment",1
"3706","tracker",1
"3707","kannapolis",1
"3708","reckon",1
"3709","statistics",1
"3710","wiznet",1
"3711","parttime",1
"3712","hooks",1
"3713","rooftop",1
"3714","anyon",1
"3715","produ",1
"3716","kansas",1
"3717","fest",1
"3718","alight",1
"3719","eduaubcedubcuaeduaubcedubcuf",1
"3720","eduaubdedubuaeduaubdedubuaeduaubdedubuaeduaubdedubuaeduaubdedubuaeduaubdedubuaeduaubdedubua",1
"3721","sisters",1
"3722","eduaubdedubueeduaubdedubueeduaubdedubue",1
"3723","okay",1
"3724","wax",1
"3725","wcs",1
"3726","colleen",1
"3727","graves",1
"3728","grill",1
"3729","datadriven",1
"3730","robust",1
"3731","valueadded",1
"3732","yiddish",1
"3733","dlab",1
"3734","oswald",1
"3735","aacarmack",1
"3736","duncan",1
"3737","irschick",1
"3738","gella",1
"3739","vieira",1
"3740","par",1
"3741","toowoomba",1
"3742","usq",1
"3743","hide",1
"3744","maverick",1
"3745","eduporium",1
"3746","onampon",1
"3747","gmms",1
"3748","ampbuzzing",1
"3749","makerspaceamp",1
"3750","rigor",1
"3751","christine",1
"3752","flash",1
"3753","ohh",1
"3754","ingeniousideas",1
"3755","carpenters",1
"3756","sps",1
"3757","strap",1
"3758","paintingespecially",1
"3759","imac",1
"3760","elisabeth",1
"3761","offthank",1
"3762","booknerd",1
"3763","freestyle",1
"3764","pixelated",1
"3765","rendition",1
"3766","sia",1
"3767","resou",1
"3768","calcii",1
"3769","pamphlets",1
"3770","clever",1
"3771","fletcher",1
"3772","scarecrows",1
"3773","deco",1
"3774","livework",1
"3775","keith",1
"3776","def",1
"3777","passive",1
"3778","exposes",1
"3779","winrocks",1
"3780","sexual",1
"3781","violence",1
"3782","loma",1
"3783","carbon",1
"3784","comingreducatione",1
"3785","oceanside",1
"3786","camper",1
"3787","consuming",1
"3788","mock",1
"3789","ups",1
"3790","breakoutedu",1
"3791","unlock",1
"3792","beware",1
"3793","eduaubeedubufuduufefeduaubdedububeduaubeedubufuduufef",1
"3794","leezer",1
"3795","friends",1
"3796","proof",1
"3797","bluebonnet",1
"3798","violin",1
"3799","oldstyle",1
"3800","remote",1
"3801","scoreboard",1
"3802","rayas",1
"3803","timelines",1
"3804","devereaux",1
"3805","cir",1
"3806","kpns",1
"3807","jars",1
"3808","typical",1
"3809","boost",1
"3810","workforces",1
"3811","harrison",1
"3812","badminton",1
"3813","division",1
"3814","rub",1
"3815","snakes",1
"3816","tissue",1
"3817","sketchup",1
"3818","codingare",1
"3819","plowman",1
"3820","valentines",1
"3821","million",1
"3822","doodler",1
"3823","shutter",1
"3824","amazon",1
"3825","booksellers",1
"3826","pillows",1
"3827","upkeep",1
"3828","sandra",1
"3829","implants",1
"3830","libraryth",1
"3831","ross",1
"3832","acronym",1
"3833","noun",1
"3834","makingduck",1
"3835","familie",1
"3836","cubes",1
"3837","corridorhub",1
"3838","explorers",1
"3839","middlefork",1
"3840","yas",1
"3841","reached",1
"3842","status",1
"3843","planning",1
"3844","auto",1
"3845","hallelujah",1
"3846","een",1
"3847","leuk",1
"3848","vind",1
"3849","destress",1
"3850","exams",1
"3851","favor",1
"3852","perquimans",1
"3853","friction",1
"3854","nows",1
"3855","stud",1
"3856","homeless",1
"3857","cameron",1
"3858","picker",1
"3859","upper",1
"3860","zech",1
"3861","ellisons",1
"3862","int",1
"3863","bailey",1
"3864","flyers",1
"3865","rosa",1
"3866","shelters",1
"3867","challengemakerspace",1
"3868","instant",1
"3869","loss",1
"3870","suffered",1
"3871","kidsteens",1
"3872","hines",1
"3873","maria",1
"3874","perseverance",1
"3875","bar",1
"3876","prague",1
"3877","togethe",1
"3878","seussville",1
"3879","visions",1
"3880","aaron",1
"3881","crab",1
"3882","donating",1
"3883","dismissedthe",1
"3884","markthis",1
"3885","ouch",1
"3886","happening",1
"3887","inferences",1
"3888","aboriginal",1
"3889","greg",1
"3890","loan",1
"3891","holloween",1
"3892","vcr",1
"3893","dinosaurs",1
"3894","fossils",1
"3895","seashel",1
"3896","foster",1
"3897","rachel",1
"3898","tolbert",1
"3899","heh",1
"3900","grind",1
"3901","taco",1
"3902","operational",1
"3903","pegasus",1
"3904","spectrum",1
"3905","birdhouses",1
"3906","pompoms",1
"3907","mailroom",1
"3908","teac",1
"3909","endorse",1
"3910","debbie",1
"3911","dahmen",1
"3912","exquisite",1
"3913","selfpaced",1
"3914","officially",1
"3915","cac",1
"3916","jampacked",1
"3917","hhi",1
"3918","boot",1
"3919","halfterm",1
"3920","robert",1
"3921","neu",1
"3922","fits",1
"3923","icecream",1
"3924","franciscan",1
"3925","venus",1
"3926","newark",1
"3927","rcan",1
"3928","donations",1
"3929","beha",1
"3930","cancelled",1
"3931","select",1
"3932","whi",1
"3933","spelling",1
"3934","intera",1
"3935","hap",1
"3936","waaaaay",1
"3937","igno",1
"3938","blossoming",1
"3939","exclusively",1
"3940","freeplay",1
"3941","otherwise",1
"3942","brief",1
"3943","depends",1
"3944","seem",1
"3945","agains",1
"3946","unstructured",1
"3947","honest",1
"3948","organisational",1
"3949","dig",1
"3950","scratc",1
"3951","kitchensink",1
"3952","formal",1
"3953","utilise",1
"3954","appreciation",1
"3955","requireme",1
"3956","morphing",1
"3957","bartenders",1
"3958","spaceframes",1
"3959","fell",1
"3960","afforded",1
"3961","colocation",1
"3962","extent",1
"3963","hackermakerspace",1
"3964","situation",1
"3965","tellrt",1
"3966","profitable",1
"3967","representwell",1
"3968","sculpture",1
"3969","yellow",1
"3970","refining",1
"3971","rbrand",1
"3972","specs",1
"3973","mandela",1
"3974","nelson",1
"3975","downstairs",1
"3976","books",1
"3977","enriched",1
"3978","hblaylockcole",1
"3979","firak",1
"3980","remodels",1
"3981","librarya",1
"3982","steampunk",1
"3983","mediay",1
"3984","ampcr",1
"3985","designs",1
"3986","gelsominos",1
"3987","watson",1
"3988","ridgeview",1
"3989","tab",1
"3990","buffalo",1
"3991","consulting",1
"3992","educationatorstheir",1
"3993","hiangela",1
"3994","makerspacetudio",1
"3995","alden",1
"3996","ges",1
"3997","plemmons",1
"3998","pattie",1
"3999","superstar",1
"4000","zerega",1
"4001","eduaubcedubeualong",1
"4002","jengland",1
"4003","cra",1
"4004","march",1
"4005","aya",1
"4006","kamishibai",1
"4007","kamishibaijapanese",1
"4008","mindess",1
"4009","atlanta",1
"4010","business",1
"4011","debut",1
"4012","owl",1
"4013","overrated",1
"4014","maximize",1
"4015","pneumatic",1
"4016","adjunct",1
"4017","april",1
"4018","davenport",1
"4019","professor",1
"4020","sellingreplacing",1
"4021","node",1
"4022","buil",1
"4023","runsoh",1
"4024","pkmmakers",1
"4025","hunters",1
"4026","cub",1
"4027","fastest",1
"4028","cohort",1
"4029","uwbuerk",1
"4030","loooove",1
"4031","equipme",1
"4032","afterschool",1
"4033","highfives",1
"4034","powell",1
"4035","river",1
"4036","awe",1
"4037","clashes",1
"4038","perth",1
"4039","shame",1
"4040","afraid",1
"4041","rdampth",1
"4042","boattoy",1
"4043","buildingufufefeduaubdedubbuaeduaubdedububuduufefeduaubdedubub",1
"4044","reco",1
"4045","blms",1
"4046","workinprogress",1
"4047","mfa",1
"4048","scilib",1
"4049","addon",1
"4050","elevator",1
"4051","luederss",1
"4052","holders",1
"4053","amibtious",1
"4054","makerspaceknitteryyarn",1
"4055","shoptextile",1
"4056","nms",1
"4057","francko",1
"4058","troy",1
"4059","disabilit",1
"4060","pentaminos",1
"4061","icls",1
"4062","submission",1
"4063","miatech",1
"4064","convert",1
"4065","plywood",1
"4066","sac",1
"4067","conversationsmakerspace",1
"4068","frustrated",1
"4069","curran",1
"4070","unanimous",1
"4071","overhead",1
"4072","workshops",1
"4073","aspiring",1
"4074","kslelect",1
"4075","westmansgatan",1
"4076","lisdfuturefocus",1
"4077","baec",1
"4078","zalaznik",1
"4079","theitstrategist",1
"4080","youd",1
"4081","necklaces",1
"4082","stylish",1
"4083","eduaubcedubeua",1
"4084","experience",1
"4085","dabble",1
"4086","nicholson",1
"4087","reading",1
"4088","educationation",1
"4089","games",1
"4090","archangel",1
"4091","iastate",1
"4092","jobonline",1
"4093","chickadees",1
"4094","andrea",1
"4095","garza",1
"4096","aucess",1
"4097","marguccalized",1
"4098","prouduccg",1
"4099","classwork",1
"4100","makerspaceedu",1
"4101","mission",1
"4102","uga",1
"4103","portfolio",1
"4104","wchs",1
"4105","greenbelt",1
"4106","fave",1
"4107","akron",1
"4108","eduaubdedubuaeduaubdedubuaeduaubdedubua",1
"4109","spam",1
"4110","dodson",1
"4111","wade",1
"4112","jeffel",1
"4113","dare",1
"4114","richards",1
"4115","ozobts",1
"4116","brock",1
"4117","fool",1
"4118","iniatives",1
"4119","stoop",1
"4120","chanelles",1
"4121","lasersleat",1
"4122","nyu",1
"4123","tandon",1
"4124","phl",1
"4125","ave",1
"4126","mov",1
"4127","stools",1
"4128","frankenstein",1
"4129","delighted",1
"4130","raspio",1
"4131","reseller",1
"4132","makerspaceeduaubdedububb",1
"4133","velda",1
"4134","eduaubcedubeueduaubdedubuaeduaubdedububb",1
"4135","megamakerspace",1
"4136","fiberarts",1
"4137","financ",1
"4138","minimill",1
"4139","sharpener",1
"4140","climate",1
"4141","culminated",1
"4142","sticker",1
"4143","techn",1
"4144","climbing",1
"4145","faces",1
"4146","melisa",1
"4147","raiders",1
"4148","waa",1
"4149","racer",1
"4150","rdprin",1
"4151","pirate",1
"4152","cuttingedge",1
"4153","esu",1
"4154","franchise",1
"4155","thoug",1
"4156","revolving",1
"4157","sls",1
"4158","lightsaber",1
"4159","utilimaker",1
"4160","basketball",1
"4161","impt",1
"4162","lassonde",1
"4163","arabia",1
"4164","saudi",1
"4165","easley",1
"4166","drum",1
"4167","boards",1
"4168","middledivision",1
"4169","srt",1
"4170","fpe",1
"4171","potluck",1
"4172","roundhouse",1
"4173","truckee",1
"4174","engagedgt",1
"4175","ltnerd",1
"4176","ellen",1
"4177","mash",1
"4178","babes",1
"4179","blackburn",1
"4180","bonin",1
"4181","edgewood",1
"4182","southridge",1
"4183","spruceland",1
"4184","setup",1
"4185","commute",1
"4186","willing",1
"4187","destruct",1
"4188","panic",1
"4189","reprogram",1
"4190","techshop",1
"4191","terminal",1
"4192","solvers",1
"4193","nix",1
"4194","match",1
"4195","soccer",1
"4196","gorgeous",1
"4197","rigo",1
"4198","caterina",1
"4199","siena",1
"4200","firstforever",1
"4201","forever",1
"4202","busiest",1
"4203","either",1
"4204","paige",1
"4205","flagitious",1
"4206","duel",1
"4207","conservative",1
"4208","negotiate",1
"4209","terrorists",1
"4210","vista",1
"4211","moyes",1
"4212","ceo",1
"4213","eduaubdedubuaceduaubdedubua",1
"4214","fluffy",1
"4215","kaunas",1
"4216","labware",1
"4217","cinderella",1
"4218","schoolda",1
"4219","klim",1
"4220","librarycompletely",1
"4221","ffa",1
"4222","speechot",1
"4223","talmud",1
"4224","awake",1
"4225","slug",1
"4226","grommets",1
"4227","ivanna",1
"4228","travis",1
"4229","notaboxes",1
"4230","touche",1
"4231","miraculous",1
"4232","weeklooking",1
"4233","cornell",1
"4234","reed",1
"4235","sports",1
"4236","bug",1
"4237","strands",1
"4238","halifax",1
"4239","gra",1
"4240","opposite",1
"4241","chester",1
"4242","rest",1
"4243","belleci",1
"4244","cohost",1
"4245","filmmaker",1
"4246","former",1
"4247","mythbusters",1
"4248","sculptor",1
"4249","gatormademakerspacetem",1
"4250","gotten",1
"4251","enough",1
"4252","labmakerspace",1
"4253","makerspacepdf",1
"4254","lecture",1
"4255","defiine",1
"4256","rubbe",1
"4257","vega",1
"4258","littlebitz",1
"4259","leade",1
"4260","aidan",1
"4261","bittersweet",1
"4262","drifterbuoys",1
"4263","sailbuoys",1
"4264","libraryansmakerspace",1
"4265","kristen",1
"4266","makerspacedigital",1
"4267","devbug",1
"4268","lafayette",1
"4269","makerspacetemeducationator",1
"4270","natalie",1
"4271","miste",1
"4272","noted",1
"4273","prowess",1
"4274","champions",1
"4275","compassionatedoing",1
"4276","othersmakerspace",1
"4277","chant",1
"4278","temples",1
"4279","adults",1
"4280","gamers",1
"4281","pfab",1
"4282","rls",1
"4283","analyzing",1
"4284","physsci",1
"4285","stor",1
"4286","infobits",1
"4287","lmao",1
"4288","nope",1
"4289","owns",1
"4290","bab",1
"4291","lanterns",1
"4292","takeaways",1
"4293","awesomebi",1
"4294","eduaubdedububb",1
"4295","libr",1
"4296","romona",1
"4297","todayin",1
"4298","buses",1
"4299","accomplished",1
"4300","manchester",1
"4301","bottl",1
"4302","unlike",1
"4303","refugee",1
"4304","jaw",1
"4305","revealedwe",1
"4306","skull",1
"4307","isd",1
"4308","mckinney",1
"4309","cpcs",1
"4310","hair",1
"4311","hinesburg",1
"4312","jcps",1
"4313","olmsted",1
"4314","workat",1
"4315","facu",1
"4316","insanely",1
"4317","playd",1
"4318","mstrellue",1
"4319","supe",1
"4320","learnercentered",1
"4321","techrich",1
"4322","dis",1
"4323","benedum",1
"4324","pitt",1
"4325","jaime",1
"4326","clone",1
"4327","kdgn",1
"4328","kayley",1
"4329","poe",1
"4330","uwmadison",1
"4331","wigglers",1
"4332","bdmakerspace",1
"4333","trashnothing",1
"4334","flatrock",1
"4335","cbt",1
"4336","nextgen",1
"4337","sap",1
"4338","delaware",1
"4339","sharing",1
"4340","breakerspace",1
"4341","proce",1
"4342","chem",1
"4343","storywriting",1
"4344","serger",1
"4345","schwenn",1
"4346","collaborative",1
"4347","carvey",1
"4348","corian",1
"4349","afterwards",1
"4350","selfie",1
"4351","booklists",1
"4352","lovers",1
"4353","nonfiction",1
"4354","instructio",1
"4355","conflict",1
"4356","desig",1
"4357","ahhh",1
"4358","leon",1
"4359","trifold",1
"4360","interchange",1
"4361","greensboro",1
"4362","thousands",1
"4363","awaits",1
"4364","depiction",1
"4365","knights",1
"4366","falcon",1
"4367","han",1
"4368","revol",1
"4369","biomed",1
"4370","rzadzki",1
"4371","usa",1
"4372","chesapeake",1
"4373","commerce",1
"4374","gateway",1
"4375","berkeley",1
"4376","smil",1
"4377","suspend",1
"4378","alumna",1
"4379","chocolate",1
"4380","cocoa",1
"4381","gluten",1
"4382","oat",1
"4383","thatd",1
"4384","ucufefon",1
"4385","patience",1
"4386","dragana",1
"4387","horse",1
"4388","trojan",1
"4389","recursive",1
"4390","touchscreens",1
"4391","uva",1
"4392","feeder",1
"4393","pvolcanoes",1
"4394","plafilament",1
"4395","totodile",1
"4396","resume",1
"4397","inapp",1
"4398","chal",1
"4399","wnewspapers",1
"4400","cardboardduct",1
"4401","tapeshoes",1
"4402","emerick",1
"4403","flat",1
"4404","kes",1
"4405","mattin",1
"4406","innovati",1
"4407","chronicle",1
"4408","ongoing",1
"4409","demerchant",1
"4410","busine",1
"4411","stinson",1
"4412","forestier",1
"4413","hillier",1
"4414","tabletop",1
"4415","tang",1
"4416","milstead",1
"4417","labsbri",1
"4418","tomaz",1
"4419","bonnet",1
"4420","bocessls",1
"4421","road",1
"4422","sustainable",1
"4423","shatter",1
"4424","wouldnt",1
"4425","kents",1
"4426","snapshots",1
"4427","litterless",1
"4428","paperless",1
"4429","wash",1
"4430","includ",1
"4431","apostleswe",1
"4432","couches",1
"4433","queen",1
"4434","omaha",1
"4435","apostle",1
"4436","hoppers",1
"4437","till",1
"4438","jaycar",1
"4439","maddington",1
"4440","bangkok",1
"4441","starfish",1
"4442","boston",1
"4443","sage",1
"4444","nam",1
"4445","burks",1
"4446","cedarrapids",1
"4447","crews",1
"4448","opening",1
"4449","techampvideo",1
"4450","watt",1
"4451","stationeduaubdedubudeduaubdedubuaeduaubdedubuaeduaubdedubuf",1
"4452","makerspacewhere",1
"4453","putting",1
"4454","journeyh",1
"4455","catch",1
"4456","cclc",1
"4457","pendulums",1
"4458","merge",1
"4459","disposable",1
"4460","cougars",1
"4461","makerspacecenters",1
"4462","litebrite",1
"4463","videopictures",1
"4464","stumping",1
"4465","bogged",1
"4466","wbasic",1
"4467","festool",1
"4468","rack",1
"4469","element",1
"4470","emiaj",1
"4471","acrylic",1
"4472","staining",1
"4473","placentinker",1
"4474","toliet",1
"4475","towel",1
"4476","dlg",1
"4477","happenin",1
"4478","cubbies",1
"4479","powertool",1
"4480","storing",1
"4481","buddy",1
"4482","badges",1
"4483","caring",1
"4484","hardest",1
"4485","balloon",1
"4486","domek",1
"4487","decision",1
"4488","pedagogy",1
"4489","cellophane",1
"4490","eduaubcedubduacmore",1
"4491","sharpies",1
"4492","finding",1
"4493","doink",1
"4494","horizion",1
"4495","hinges",1
"4496","neil",1
"4497","mos",1
"4498","stuck",1
"4499","gracias",1
"4500","ruckus",1
"4501","reposting",1
"4502","bang",1
"4503","uufefso",1
"4504","flipgrid",1
"4505","clc",1
"4506","inch",1
"4507","kiosks",1
"4508","mks",1
"4509","washburn",1
"4510","extremely",1
"4511","braendles",1
"4512","thgrade",1
"4513","bootcamp",1
"4514","actions",1
"4515","coreatlas",1
"4516","eduaubdedubufeduaubcedubeueduaubdedubu",1
"4517","ggw",1
"4518","pedersen",1
"4519","almond",1
"4520","disciplines",1
"4521","meant",1
"4522","uufefeduaubdedubudeduaubeedubu",1
"4523","nanaimo",1
"4524","hearingseeing",1
"4525","hacklab",1
"4526","hackspace",1
"4527","ugh",1
"4528","fiber",1
"4529","scarf",1
"4530","churning",1
"4531","ignatius",1
"4532","octopi",1
"4533","oldenburg",1
"4534","strides",1
"4535","baseplates",1
"4536","peel",1
"4537","clearout",1
"4538","pans",1
"4539","decker",1
"4540","stanley",1
"4541","parcc",1
"4542","dremel",1
"4543","eduaubdedubudmake",1
"4544","nonsense",1
"4545","chec",1
"4546","heregreat",1
"4547","railroad",1
"4548","reviews",1
"4549","sacramento",1
"4550","adriana",1
"4551","concordia",1
"4552","yordi",1
"4553","havin",1
"4554","preworkshop",1
"4555","sachem",1
"4556","lassiter",1
"4557","wour",1
"4558","zoske",1
"4559","betterbuilding",1
"4560","row",1
"4561","morocco",1
"4562","neshnash",1
"4563","tarek",1
"4564","gro",1
"4565","almo",1
"4566","henley",1
"4567","rela",1
"4568","hong",1
"4569","kong",1
"4570","poon",1
"4571","eduaubdedubuaeduaubdedubuad",1
"4572","addresses",1
"4573","galaleldin",1
"4574","mohamed",1
"4575","uottawa",1
"4576","crank",1
"4577","gatorway",1
"4578","ingenious",1
"4579","benjamin",1
"4580","franklin",1
"4581","ballard",1
"4582","claim",1
"4583","sheri",1
"4584","cosmic",1
"4585","liliyabibliomir",1
"4586","fruit",1
"4587","jhs",1
"4588","examining",1
"4589","sci",1
"4590","attn",1
"4591","distancegreat",1
"4592","hob",1
"4593","bellingham",1
"4594","eduaubdedubuac",1
"4595","weissmans",1
"4596","manual",1
"4597","makethis",1
"4598","openif",1
"4599","chronic",1
"4600","farting",1
"4601","browse",1
"4602","freshmen",1
"4603","tls",1
"4604","spare",1
"4605","whilst",1
"4606","forresters",1
"4607","seesupportshare",1
"4608","busy",1
"4609","delhi",1
"4610","okhla",1
"4611","newtons",1
"4612","randall",1
"4613","bookmakerspace",1
"4614","corealigned",1
"4615","crowdfunded",1
"4616","hebrew",1
"4617","wikis",1
"4618","thinkersprojects",1
"4619","player",1
"4620","clearinghouse",1
"4621","evacuations",1
"4622","sonoma",1
"4623","verified",1
"4624","technoplanet",1
"4625","makerspacehackerspace",1
"4626","nearest",1
"4627","cake",1
"4628","moulds",1
"4629","mailbox",1
"4630","pointer",1
"4631","tolerable",1
"4632","appointing",1
"4633","retain",1
"4634","vacant",1
"4635","necessary",1
"4636","blahblahblah",1
"4637","pavillion",1
"4638","terrible",1
"4639","dur",1
"4640","dovetail",1
"4641","secret",1
"4642","wor",1
"4643","vblock",1
"4644","cluttered",1
"4645","ass",1
"4646","activit",1
"4647","appeal",1
"4648","crossover",1
"4649","deep",1
"4650","multiplication",1
"4651","olds",1
"4652","bemiss",1
"4653","tremblay",1
"4654","sparkle",1
"4655","harbourfront",1
"4656","clip",1
"4657","erben",1
"4658","kay",1
"4659","zipp",1
"4660","frith",1
"4661","holbrook",1
"4662","hurts",1
"4663","eventbrite",1
"4664","bette",1
"4665","disclosure",1
"4666","refreshments",1
"4667","crafts",1
"4668","ramsread",1
"4669","shm",1
"4670","swotting",1
"4671","diana",1
"4672","expansion",1
"4673","westward",1
"4674","octopus",1
"4675","creativ",1
"4676","refre",1
"4677","makerspacelove",1
"4678","manageachers",1
"4679","historial",1
"4680","ces",1
"4681","empathy",1
"4682","graduate",1
"4683","triad",1
"4684","resources",1
"4685","wawesome",1
"4686","eduaubdedubuthere",1
"4687","luufefve",1
"4688","agency",1
"4689","compound",1
"4690","fromfor",1
"4691","eduaubdedubuaf",1
"4692","brian",1
"4693","abo",1
"4694","drdougs",1
"4695","netnuggets",1
"4696","dissipative",1
"4697","pla",1
"4698","accidentally",1
"4699","killed",1
"4700","mollusc",1
"4701","oldest",1
"4702","fluencies",1
"4703","infused",1
"4704","oneseven",1
"4705","hinckley",1
"4706","ksnlocalnews",1
"4707","siths",1
"4708","asburypark",1
"4709","eruiz",1
"4710","gps",1
"4711","stereosCOPic",1
"4712","modified",1
"4713","exceptional",1
"4714","sweetd",1
"4715","moose",1
"4716","bos",1
"4717","innovationmakerspaceteam",1
"4718","samba",1
"4719","multiage",1
"4720","fictitious",1
"4721","hcc",1
"4722","sum",1
"4723","cornerneed",1
"4724","tktinkerspace",1
"4725","bout",1
"4726","nite",1
"4727","fuel",1
"4728","kcups",1
"4729","mazur",1
"4730","phil",1
"4731","allyse",1
"4732","frantically",1
"4733","moorpark",1
"4734","eduaubcedubduets",1
"4735","eduaubdedububc",1
"4736","carmel",1
"4737","uaufefmonterey",1
"4738","chicago",1
"4739","eduaubdedububeduaubcedubfubbuduufefclothes",1
"4740","bought",1
"4741","battisti",1
"4742","benedetti",1
"4743","booktalks",1
"4744","association",1
"4745","oregon",1
"4746","selfinitiated",1
"4747","cabral",1
"4748","forsberg",1
"4749","meadows",1
"4750","appliances",1
"4751","tyler",1
"4752","blakermakers",1
"4753","bugseduaubcedubfuaeduaubdedubue",1
"4754","tinkertime",1
"4755","kristina",1
"4756","morrow",1
"4757","invention",1
"4758","revere",1
"4759","rosie",1
"4760","prestocked",1
"4761","minion",1
"4762","ashley",1
"4763","launc",1
"4764","tocs",1
"4765","lbms",1
"4766","zen",1
"4767","nusd",1
"4768","commonseduaubdedubue",1
"4769","warriors",1
"4770","nigerias",1
"4771","meeper",1
"4772","carolyns",1
"4773","dismantle",1
"4774","masses",1
"4775","recut",1
"4776","hibbing",1
"4777","northern",1
"4778","radio",1
"4779","trivia",1
"4780","recrae",1
"4781","symposium",1
"4782","lasercutting",1
"4783","staunton",1
"4784","cyber",1
"4785","learningfrom",1
"4786","eduaubcedubcub",1
"4787","pressured",1
